companyId,unitId,imei,esn,manufacturer,unitType,version,isRMA,liveAgeDays,HDOPQuality,ExcessiveEvents,LowBattery,IgnitionOnEventsAbnormal,PowerDisconnect,LowSatellites,DailyOdometerExceeded,WirelessSignal,MaintenanceLimitExceeded,LateEvents,CommLost,DailyEngineHoursExceeded
23209,200093540,865640069001615,4675412066,CalAmp,"32 - bit","LMU2630 CAT_M",1,337,70.45822004838423,0,1.6290322580645162,5.228758335113525,0,0,0,0,0,38.245827992757164,0,0
21112,200046335,868199051866904,4675080258,CalAmp,"32 - bit","2630 LTE",1,545,77.50412326388889,0,1.6666666666666667,0,0,89.02265271273527,0,0,0,0,0,0
24136,200044429,96X111110099,96X111110099,Geometris,"80 Series","96-ATT Series",1,279,78.90810834444486,904.375,0,0,0,0,0,0,0,0,0,0
25752,200074222,357766093146384,4674505155,CalAmp,"32 - bit",VeoSphere,1,643,62.13599329630534,928.8051948051948,79.51851851851852,8.056343003017146,84.28571428571429,49.176556777954104,1449.5625378246039,0,0,38.72650591532389,0,0
5175,200060567,864112052036504,4672025337,CalAmp,"32 - bit","TTU2830 Cat-M",1,285,72.59740895238416,0,1.3333333333333333,0,0,0,0,0,0,0,0,0
5175,200060569,864112052064365,4672024137,CalAmp,"32 - bit","TTU2830 Cat-M",1,285,75.37515625,0,1.375,8.571428298950195,0,0,0,0,0,0,0,0
23209,200098927,865640068105441,4675413654,CalAmp,"32 - bit","LMU2630 CAT_M",1,257,65,0,3.8333333333333335,0,2,0,0,0,0,0,0,0
25512,200070421,359636095322820,4572061626,CalAmp,"32 - bit","LMU3030 CDMA",1,0,72.55745188395183,0,0,0,10.5,0,0,0,0,20.78239631652832,0,0
6363,100203119,357766097072503,4674470276,CalAmp,"32 - bit","2630 LTE",1,100,90.43428802490234,0,1.3333333333333333,6.3623546957969666,0,0,0,0,0,0,0,0
26150,200086284,88U122220207,88U122220207,Geometris,"80 Series",88,1,79,0,0,0,0,0,0,0,0,0,21.09375,0,0
26150,200114027,862464061360686,88B121380162,Geometris,"80 Series",88,1,364,0,0,0,0,0,50,0,0,0,0,0,0
26545,200099990,860092057465532,88U123180215,Geometris,"80 Series",88,1,189,0,0,0,5.876276683807373,0,0,0,0,0,0,0,0
21112,200098980,865640068951489,4675413608,CalAmp,"32 - bit","LMU2630 CAT_M",1,452,0,0,2.2,5.526315689086914,0,93.37349319458008,0,0,0,0,0,0
5175,200065176,864112052101647,4672024395,CalAmp,"32 - bit","TTU2830 Cat-M",1,285,70.10560280936105,0,1.75,0,0,0,0,0,0,0,0,0
3280,200129323,016100000540112-070924205450,6B301FXT-070924205450,VidFleet,VidFleet,4K,1,180,23.752777099609375,0,0,0,0,0,0,0,0,0,0,0
5662,200108548,864919058156346,4672017038,CalAmp,"32 - bit","TTU2830 Cat-M",1,339,0,0,11.333333333333334,13.927265167236328,5.666666666666667,0,0,0,0,0,0,0
3677,200065716,015686000253558,3174147278,CalAmp,"8 - bit","TTU730 LTE-A",1,0,210,0,0,0,0,0,0,0,0,0,0,0
26150,200086276,88U122270065,88U122270065,Geometris,"80 Series",88,1,634,0,0,0,0,1,0,0,0,0,0,0,0
26623,200122001,864112050216843,3672029076,CalAmp,"32 - bit","LMU3640 LTE",1,295,0,1755,455.5,0,103,0,0,0,0,0,0,0
6262,200114306,016100000295873-070824193940,6B301ALT-070824193940,VidFleet,VidFleet,4K,1,402,55.52472001314163,0,0,0,1,0,0,0,0,0,0,0
23302,200020855,357766098637528,4673310563,CalAmp,"32 - bit","TTU2820 3G",1,437,0,1236,294.3333333333333,0,60.166666666666664,31.478769302368164,0,0,0,0,0,0
25959,200089366,866626031286862-070524205309,6B301TGR-070524205309,VidFleet,VidFleet,4K,1,760,56.92115173339844,0,0,0,1,0,0,0,0,0,0,0
25459,200088472,,6B301T9D,VidFleet,VidFleet,4K,1,888,41.55508207391809,2654,0,0,1,0,0,0,0,0,0,0
6854,200074452,88B120890401,88B120890401,Geometris,"80 Series",88,1,352,0,0,3,9.097878456115723,1,0,0,0,0,0,0,0
26878,200105169,016100000245290,6B3017ZF,VidFleet,VidFleet,4K,1,501,48.54398008493277,0,0,29.138808046068466,3.3636363636363638,0,0,0,0,0,0,0
26727,200105491,865640067436409,88U130050070,Geometris,"80 Series",88,1,495,0,0,1.5,0,5,0,0,0,0,0,0,0
28541,200132170,016100000493320,6B301GV7,VidFleet,VidFleet,4K,1,124,25.691295623779297,2894.3,0,0,1.5333333333333334,0,1738.037109375,0,0,23.770492553710938,0,0
6262,200121350,866626030546811-070124201133,6B301VRH-070124201133,VidFleet,VidFleet,4K,1,297,58.83651837435636,0,0,7.843137264251709,0,0,0,0,0,0,0,0
28233,200127529,016100000492348,6B301E7H,VidFleet,VidFleet,4K,1,204,24.97621383666992,0,0,0,1,0,0,0,0,27.108956943858754,0,0
4651,200064281,88B120030088-062724185806,88B120030088-062724185806,Geometris,"80 Series",88,1,663,0,0,0,0,0,50.437421798706055,0,0,0,0,0,0
25611,200071605,88B120490203-062724185107,88B120490203-062724185107,Geometris,"80 Series",88,1,841,0,0,0,6.636345863342285,0,16.91176414489746,0,0,0,0,0,0
4651,200064079,88B120030095-062724185800,88B120030095-062724185800,Geometris,"80 Series",88,1,663,159.20152282714844,0,0,0,0,37.26235580444336,0,0,0,0,0,0
25270,200059354,88B113140457-062724185831,88B113140457-062724185831,Geometris,"80 Series",88,1,941,95.15901184082031,730,0,5.882352828979492,1.1666666666666667,16.60777473449707,0,0,0,0,0,0
25611,200071612,88B120490223-062724185130,88B120490223-062724185130,Geometris,"80 Series",88,1,841,0,0,0,8.147773265838623,0,0,0,0,0,0,0,0
25270,200059351,88B113140469-062724185821,88B113140469-062724185821,Geometris,"80 Series",88,1,938,91.5625,0,0,0,0,0,0,0,0,0,0,0
25611,200071616,88B120490397-062724185212,88B120490397-062724185212,Geometris,"80 Series",88,1,841,0,0,0,6.558485349019368,0,0,0,0,0,0,0,0
25611,200071622,88B120490373-062724185315,88B120490373-062724185315,Geometris,"80 Series",88,1,841,0,0,0,5.55555534362793,0,0,0,0,0,0,0,0
25611,200071618,88B120490246-062724185255,88B120490246-062724185255,Geometris,"80 Series",88,1,841,0,0,0,5.92334508895874,0,44.26229476928711,0,0,0,0,0,0
25611,200071617,88B120490258-062724185223,88B120490258-062724185223,Geometris,"80 Series",88,1,841,0,0,0,0,0,66.22222137451172,0,0,0,0,0,0
25611,200071609,88B120490284-062724185126,88B120490284-062724185126,Geometris,"80 Series",88,1,841,0,0,0,6.800111089433942,0,49.38271713256836,0,0,0,0,0,0
4651,200064305,88B120030195-062724185816,88B120030195-062724185816,Geometris,"80 Series",88,1,663,159.05580139160156,0,0,0,0,35.19313430786133,0,0,0,0,0,0
25611,200071614,88B120490288-062724185141,88B120490288-062724185141,Geometris,"80 Series",88,1,663,0,0,1,5.311766200595432,1,30.10952091217041,0,0,0,0,0,0
25611,200071608,88B120490250-062724185122,88B120490250-062724185122,Geometris,"80 Series",88,1,841,0,0,0,0,0,29.279279708862305,0,0,0,0,0,0
25611,200071606,88B120490226-062724185114,88B120490226-062724185114,Geometris,"80 Series",88,1,842,0,0,0,5.6158788204193115,0,0,0,0,0,0,0,0
26027,200080444,88B121520618-062724184338,88B121520618-062724184338,Geometris,"80 Series",88,1,662,98.19242858886719,0,0,6.563661050796509,1,0,0,0,0,0,0,0
26027,200080445,88B121520727-062724184429,88B121520727-062724184429,Geometris,"80 Series",88,1,662,99.73969650268555,0,0,5.55555534362793,0,0,0,0,0,0,0,0
25611,200071621,88B120490362-062724185310,88B120490362-062724185310,Geometris,"80 Series",88,1,842,0,0,0,5.558535575866699,0,45.017181396484375,0,0,0,0,0,0
26027,200080436,88B121520785-062724184229,88B121520785-062724184229,Geometris,"80 Series",88,1,662,100.03541564941406,0,0,5.549137830734253,1,0,0,0,0,0,0,0
26027,200080426,88B121520800-062724184116,88B121520800-062724184116,Geometris,"80 Series",88,1,662,106.88148498535156,0,0,5.668883323669434,0,20.1454283396403,0,0,0,0,0,0
26027,200080438,88B121520799-062724184254,88B121520799-062724184254,Geometris,"80 Series",88,1,662,112.375,0,0,0,0,31.66666603088379,0,0,0,0,0,0
26027,200080451,88B121520726-062724184505,88B121520726-062724184505,Geometris,"80 Series",88,1,662,105.87114715576172,0,0,6.87069354738508,0,20.927870750427246,0,0,0,0,0,0
26027,200080446,88B121520699-062724184435,88B121520699-062724184435,Geometris,"80 Series",88,1,662,98.25084686279297,0,0,5.55555534362793,0,0,0,0,0,0,0,0
26027,200080424,88B121520791-062724184104,88B121520791-062724184104,Geometris,"80 Series",88,1,662,114.18564224243164,0,0,9.191872596740723,0,20.36096477508545,0,0,0,0,0,0
26027,200080453,88B121520743-062724184516,88B121520743-062724184516,Geometris,"80 Series",88,1,662,109.93182754516602,0,0,0,1,17.021276473999023,0,0,0,0,0,0
26027,200080437,88B121520706-062724184240,88B121520706-062724184240,Geometris,"80 Series",88,1,662,122.54078420003255,0,0,5.885811042785645,0,23.925970713297527,0,0,0,0,0,0
26027,200080425,88B121520755-062724184111,88B121520755-062724184111,Geometris,"80 Series",88,1,662,94.60248184204102,763.3333333333334,0,5.658567667007446,0,0,0,0,0,0,0,0
26027,200080435,88B121520776-062724184219,88B121520776-062724184219,Geometris,"80 Series",88,1,662,99.32013702392578,0,0,0,0,0,0,0,0,0,0,0
26027,200080442,88B121520770-062724184312,88B121520770-062724184312,Geometris,"80 Series",88,1,662,142.5806427001953,0,0,5.212121248245239,2,53.225807189941406,0,0,0,0,0,0
26027,200080454,88B121520612-062724184523,88B121520612-062724184523,Geometris,"80 Series",88,1,662,102.03495788574219,807.5,0,13.114880561828613,0,21.285032272338867,0,0,0,0,0,0
26027,200080455,88B121520733-062724184527,88B121520733-062724184527,Geometris,"80 Series",88,1,662,99.69999694824219,0,0,5.9376373724503955,0,0,0,0,0,0,0,0
26027,200080447,88B121520762-062724184442,88B121520762-062724184442,Geometris,"80 Series",88,1,662,100.09868621826172,0,0,0,0,0,0,0,0,0,0,0
26027,200080452,88B121520717-062724184511,88B121520717-062724184511,Geometris,"80 Series",88,1,662,111.22775268554688,0,0,5.263157844543457,0,24.388639450073242,0,0,0,0,0,0
26027,200080434,88B121520784-062724184211,88B121520784-062724184211,Geometris,"80 Series",88,1,662,130.5960235595703,0,0,0,0,45.69536590576172,0,0,0,0,0,0
26027,200080449,88B121520781-062724184455,88B121520781-062724184455,Geometris,"80 Series",88,1,662,100.88298416137695,0,0,5.897667646408081,0,0,0,0,0,0,0,0
26027,200080427,88B121520796-062724184121,88B121520796-062724184121,Geometris,"80 Series",88,1,662,110.58340072631836,0,0,5.55555534362793,0,18.55345916748047,0,0,0,0,0,0
26027,200080448,88B121520793-062724184450,88B121520793-062724184450,Geometris,"80 Series",88,1,662,109.2552375793457,0,0,0,0,22.02055263519287,0,0,0,0,0,0
26027,200080431,88B121520701-062724184203,88B121520701-062724184203,Geometris,"80 Series",88,1,662,95.01681137084961,0,1,6.71794319152832,1.5,0,0,0,0,0,0,0
26027,200080441,88B121520754-062724184303,88B121520754-062724184303,Geometris,"80 Series",88,1,662,94.84162902832031,0,0,6.115952372550964,1,0,0,0,0,0,0,0
26027,200080450,88B121520789-062724184501,88B121520789-062724184501,Geometris,"80 Series",88,1,662,97.42018508911133,0,0,0,0,0,0,0,0,0,0,0
26027,200080443,88B121520787-062724184326,88B121520787-062724184326,Geometris,"80 Series",88,1,662,102.66466903686523,763,0,5.862069129943848,1,20.359281539916992,0,0,0,0,0,0
26027,200080423,88B121520731-062724184100,88B121520731-062724184100,Geometris,"80 Series",88,1,662,95.97108840942383,0,0,7.642745852470398,0,0,0,0,0,0,0,0
23783,200124338,016100000214981,6B3017WP,VidFleet,VidFleet,4K,1,251,54.13445472717285,0,0,0,1,0,0,0,0,0,0,0
25642,200113164,016100000212605-062524204721,6B30187N-062524204721,VidFleet,VidFleet,4K,1,400,54.89792442321777,4715.428571428572,0,0,0,0,0,0,0,0,0,0
6900,200077669,87B010740174,87B010740174,Geometris,"80 Series","80 Series HSPA 3G",1,667,81.89705963134766,1354,3.75,0,61.6,0,0,0,0,0,0,0
5449,200073283,356052109294984,4674880640,CalAmp,"32 - bit","2630 LTE",1,661,0,0,99,0,0,0,0,0,1,0,0,0
6258,200081054,88B121440244,88B121440244,Geometris,"80 Series",88,1,657,0,0,0,13.38191326459249,0,0,0,0,0,0,0,0
27582,200115780,016100000294900-062024180608,6B301AP2-062024180608,VidFleet,VidFleet,4K,1,359,43.626118659973145,0,0,5.308759927749634,1,0,0,0,0,0,0,0
23280,200055245,88B112530362-062824200531,88B112530362-062824200531,Geometris,"80 Series",88,1,972,0,0,0,5.113636493682861,1.3333333333333333,55.279502868652344,0,0,0,52.85336875915527,0,0
5175,200065031,864919057961647,4675208535,CalAmp,"32 - bit","LMU2630 CAT_M",1,285,0,0,11,0,24.833333333333332,0,0,0,0,0,0,0
26504,200115497,866626030909084,6B301LYC,VidFleet,VidFleet,4K,1,363,45.25587260723114,2898.5,0,0,0,0,0,0,0,0,0,0
28036,200123562,866626031285740,6B301T9F,VidFleet,VidFleet,4K,1,253,60.76070703778948,0,0,0,1,0,0,0,0,0,0,0
6183,200051491,88B112220041-062824200514,88B112220041-062824200514,Geometris,"80 Series",88,1,664,0,0,0,6.4284959715239856,5,39.622642517089844,0,0,0,0,0,0
23743,200049871,88B111960244-062824195742,88B111960244-062824195742,Geometris,"80 Series",88,1,1062,0,0,0,5.93073582649231,0,44.14414596557617,0,0,0,0,0,0
23743,200075336,88B120960732-062824200422,88B120960732-062824200422,Geometris,"80 Series",88,1,664,0,0,0,7.064212712374601,0,56.06250254313151,0,0,0,23.076923370361328,0,0
22600,200069127,88B120420487-062824195622,88B120420487-062824195622,Geometris,"80 Series",88,1,664,0,1378.3333333333333,0,0,1,86.21749877929688,0,0,0,0,0,0
23743,200049868,88B111960240-062824195732,88B111960240-062824195732,Geometris,"80 Series",88,1,999,0,0,0,0,0,33.953487396240234,0,0,0,0,0,0
27670,200122447,016100000307009-061824172338,6B301BNN-061824172338,VidFleet,VidFleet,4K,1,267,55.788453843858505,0,0,0,0,0,0,0,0,0,0,0
28501,200131712,016100000557595-061824150242,6B301GF4-061824150242,VidFleet,VidFleet,4K,1,168,25.19940948486328,0,0,0,0,0,0,0,0,0,0,0
23743,200049876,88B111960218-062824195809,88B111960218-062824195809,Geometris,"80 Series",88,1,664,0,813,0,7.482582296643939,0,41.904762268066406,0,0,0,0,0,0
23743,200049877,88B111960187-062824195814,88B111960187-062824195814,Geometris,"80 Series",88,1,1061,0,0,0,0,1,0,0,0,0,0,0,0
23743,200049883,88B111960205-062824195853,88B111960205-062824195853,Geometris,"80 Series",88,1,664,0,0,0,6.7845593094825745,1,0,0,0,0,10.06944465637207,0,0
23131,200049916,88B111950176-062824195509,88B111950176-062824195509,Geometris,"80 Series",88,1,1071,0,0,0,0,0,38.96104049682617,0,0,0,0,0,0
25834,200075651,88B121020183-062824195617,88B121020183-062824195617,Geometris,"80 Series",88,1,725,0,0,0,5.08474588394165,0,0,0,0,0,0,0,0
24731,200051963,88B112290125-062824200510,88B112290125-062824200510,Geometris,"80 Series",88,1,920,0,0,0,0,0,38.94736862182617,0,0,0,0,0,0
25834,200075649,88B121020189-062824195613,88B121020189-062824195613,Geometris,"80 Series",88,1,786,0,0,0,6.5217390060424805,0,0,0,0,0,0,0,0
23743,200049874,88B111960189-062824195759,88B111960189-062824195759,Geometris,"80 Series",88,1,1046,0,0,0,6.39393714758066,0,42.85714340209961,0,0,0,0,0,0
23743,200049901,88B111960203-062824200319,88B111960203-062824200319,Geometris,"80 Series",88,1,902,0,850,0,8.115485350290934,0,37.20930099487305,0,0,0,23.14049530029297,0,0
23131,200049928,88B111950178-062824195514,88B111950178-062824195514,Geometris,"80 Series",88,1,1068,0,0,0,8.018969535827637,0,42.85714340209961,0,0,0,0,0,0
23743,200049886,88B111960186-062824200314,88B111960186-062824200314,Geometris,"80 Series",88,1,1062,0,0,0,8.813727855682373,1,20.611309051513672,0,0,0,0,0,0
23743,200049878,88B111960182-062824195819,88B111960182-062824195819,Geometris,"80 Series",88,1,1046,0,0,0,5.487796211242676,1,60.471771240234375,0,0,0,0,0,0
23131,200049931,88B111950199-062824195518,88B111950199-062824195518,Geometris,"80 Series",88,1,1066,0,0,0,6.796116352081299,0,29.86111068725586,0,0,0,0,0,0
23743,200049870,88B111960193-062824195738,88B111960193-062824195738,Geometris,"80 Series",88,1,1061,0,0,0,6.906587160550631,0,0,0,0,0,11.574073791503906,0,0
23743,200049864,88B111960197-062824195728,88B111960197-062824195728,Geometris,"80 Series",88,1,876,0,776.5,0,5.744492292404175,3,0,0,0,0,0,0,0
23131,200049908,88B111950168-062824195500,88B111950168-062824195500,Geometris,"80 Series",88,1,1070,0,0,0,5.678191423416138,0,0,0,0,0,0,0,0
23743,200049884,88B111960213-062824195907,88B111960213-062824195907,Geometris,"80 Series",88,1,1042,95.02187728881836,0,0,0,0,0,0,0,0,0,0,0
23743,200049872,88B111960170-062824195753,88B111960170-062824195753,Geometris,"80 Series",88,1,1061,0,0,0,5.426356792449951,0,39.3129768371582,0,0,0,0,0,0
23743,200049903,88B111960196,88B111960196,Geometris,"80 Series",88,1,1060,0,0,0,8.928571701049805,0,0,0,0,0,0,0,0
23743,200049881,88B111960185-062824195846,88B111960185-062824195846,Geometris,"80 Series",88,1,1065,0,793.25,0,8.46424643198649,0,50.23041534423828,0,0,0,0,0,0
23131,200080023,88B120890014-062824195534,88B120890014-062824195534,Geometris,"80 Series",88,1,727,0,0,0,9.97850177401588,0,0,0,0,0,0,0,0
23131,200049914,88B111950163-062824195505,88B111950163-062824195505,Geometris,"80 Series",88,1,1065,0,0,0,7.661290168762207,0,20.564516067504883,0,0,0,0,0,0
23743,200075333,88B120960731-062824200405,88B120960731-062824200405,Geometris,"80 Series",88,1,664,0,829.3333333333334,0,9.803417523701986,0,25.345623016357422,0,0,0,0,0,0
23743,200075332,88B120960719-062824200340,88B120960719-062824200340,Geometris,"80 Series",88,1,689,0,0,0,11.540036133357457,0,0,0,0,0,0,0,0
23332,200058452,88B113080010-062824195609,88B113080010-062824195609,Geometris,"80 Series",88,1,951,78.6112289428711,814.8125,0,0,0,0,0,0,0,47.69263823827108,0,0
23743,200049875,88B111960160-062824195805,88B111960160-062824195805,Geometris,"80 Series",88,1,664,0,811,0,7.6031772825453015,0,29.9270076751709,0,0,0,0,0,0
23743,200075328,88B120960735-062824200328,88B120960735-062824200328,Geometris,"80 Series",88,1,790,0,804,0,6.5915977478027346,1,0,0,0,0,0,0,0
23743,200049902,88B111960204-062824200323,88B111960204-062824200323,Geometris,"80 Series",88,1,1012,0,0,0,6.032620906829834,1,0,0,0,0,0,0,0
23743,200075330,88B120960676-062824200336,88B120960676-062824200336,Geometris,"80 Series",88,1,664,0,782.5,0,0,0,0,0,0,0,0,0,0
23743,200049880,88B111960207-062824195841,88B111960207-062824195841,Geometris,"80 Series",88,1,1046,0,739,0,7.112974230448405,0,0,0,0,0,11.231884002685547,0,0
23743,200049885,88B111960188-062824200307,88B111960188-062824200307,Geometris,"80 Series",88,1,1037,0,878.3333333333334,1.5,5.768220710754394,1,0,0,0,0,32.721269607543945,0,0
23743,200075329,88B120960671-062824200332,88B120960671-062824200332,Geometris,"80 Series",88,1,797,0,764,0,15.384614944458008,0,0,0,0,0,0,0,0
23743,200049879,88B111960201-062824195837,88B111960201-062824195837,Geometris,"80 Series",88,1,1046,0,0,0,9.140877366065979,0,31.407941818237305,0,0,0,0,0,0
23743,200075335,88B120960695-062824200417,88B120960695-062824200417,Geometris,"80 Series",88,1,664,0,0,0,6.291535218556722,0,0,0,0,0,0,0,0
6547,200068286,88B120350288-062824200519,88B120350288-062824200519,Geometris,"80 Series",88,1,777,0,0,0,8.017346858978271,4.142857142857143,18.16758410135905,0,0,0,0,0,0
23280,200053659,88B112290345-062824200527,88B112290345-062824200527,Geometris,"80 Series",88,1,735,0,0,0,6.082722391401019,0,23.125,0,0,0,0,0,0
25838,200075731,015425001650664,015425001650664,Queclink,"GL Series",500MG,1,335,0,0,1,0,0,0,0,0,0,0,0,0
1433,200052656,864919057607737,4675172909,CalAmp,"32 - bit","LMU2630 CAT_M",1,998,67.44452667236328,0,2.3333333333333335,0,1,0,0,0,0,49.576412200927734,0,0
25635,200059095,864919058082708-061424132008,4672017433-061424132008,CalAmp,"32 - bit","TTU2830 Cat-M",1,758,0,0,3,0,0,0,0,0,0,0,0,0
26241,200134615,016100000496760,6B301F18,VidFleet,VidFleet,4K,1,62,22.651789665222168,0,0,0,5,0,0,0,0,0,0,0
27816,200128007,866392067371157,4672122057,CalAmp,"32 - bit","TTU2830 Cat-M",1,196,67.70809173583984,808.8571428571429,2.3333333333333335,17.827093982696532,23.05263157894737,0,0,0,1,0,0,0
25448,200047517,96X111540019,96X111540019,Geometris,"80 Series","96-ATT Series",1,661,0,0,0,6.145251274108887,0,0,0,0,0,0,0,0
26097,200082140,88B121590172-061324143429,88B121590172-061324143429,Geometris,"80 Series",88,1,671,0,0,0,0,1,0,0,0,0,0,0,0
27729,200118567,016100000289769,6B301AE0,VidFleet,VidFleet,4K,1,317,52.45890884399414,0,0,0,1,0,0,0,0,0,0,0
28447,200131148,016100000531624,6B301EYZ,VidFleet,VidFleet,4K,1,126,0,0,0,0,1,0,0,0,0,0,0,0
25597,200071319,88B120520173-061324143112,88B120520173-061324143112,Geometris,"80 Series",88,1,382,0,1350,0,0,1.3333333333333333,0,0,0,0,0,0,0
26526,200095866,016100000004127,6B301JU1,VidFleet,VidFleet,4K,1,588,53.6022658970045,0,0,0,3.3214285714285716,0,0,0,0,10.509553909301758,0,0
26027,200080429,88B121520525-061324143025,88B121520525-061324143025,Geometris,"80 Series",88,1,648,0,0,0,6.010507973757657,0,0,0,0,0,0,0,0
5683,200052577,88B112420009-061324143433,88B112420009-061324143433,Geometris,"80 Series",88,1,951,0,926,0,0,3.111111111111111,0,0,0,0,0,0,0
25628,200074392,88B120890436-061324141717,88B120890436-061324141717,Geometris,"80 Series",88,1,793,181.55110931396484,1018.5,0,48.44112586975098,1,50.61338233947754,0,0,0,0,0,0
25672,200073237,88B112240010-061324142531,88B112240010-061324142531,Geometris,"80 Series","80 Series HSPA 3G",1,813,0,0,0,5.2673211097717285,0,0,0,0,0,0,0,0
23701,200065919,88B120190262-061324143450,88B120190262-061324143450,Geometris,"80 Series",88,1,649,0,0,0,6.347980308532715,0,0,0,0,0,0,0,0
26027,200080422,88B121520757-061324143017,88B121520757-061324143017,Geometris,"80 Series",88,1,648,0,0,1,6.83865635735648,0,0,0,0,0,0,0,0
26027,200080433,88B121520761-061324143044,88B121520761-061324143044,Geometris,"80 Series",88,1,648,0,0,0,5.2263007164001465,0,0,0,0,0,0,0,0
26027,200080428,88B121520779-061324143021,88B121520779-061324143021,Geometris,"80 Series",88,1,648,0,0,0,5.78579044342041,3.75,0,0,0,0,0,0,0
25611,200071610,88B120490375-061324143438,88B120490375-061324143438,Geometris,"80 Series",88,1,827,0,0,0,5.803880977630615,0,0,0,0,0,0,0,0
26027,200080456,88B121520798-061324143101,88B121520798-061324143101,Geometris,"80 Series",88,1,648,0,0,0,5.972335656483968,0,0,0,0,0,0,0,0
26027,200080430,88B121520614-061324143032,88B121520614-061324143032,Geometris,"80 Series",88,1,648,0,821,0,5.634920597076416,0,0,0,0,0,0,0,0
26027,200080432,88B121520769-061324143038,88B121520769-061324143038,Geometris,"80 Series",88,1,648,0,0,0,0,1,0,0,0,0,0,0,0
27801,200119901,862464060889461-061324141519,88B120190497-061324141519,Geometris,"80 Series",88,1,34,270.4476852416992,1988,0,48.71805953979492,1,84.20523071289062,0,0,0,0,0,0
28515,200131830,016100000560052-061424174420,6B301GX3-061424174420,VidFleet,VidFleet,4K,1,112,1997.7681739897955,0,0,0,1,20.879757712869083,2095.371826171875,0,0,0,0,0
28501,200088529,-061424174424,6B301SUB-061424174424,VidFleet,VidFleet,4K,1,868,25.59353796641032,0,0,0,1,0,0,0,0,0,0,0
26373,200092430,016100000005322,6B301K8W,VidFleet,VidFleet,4K,1,622,53.86737510485527,0,0,0,1,0,0,0,0,0,0,0
26241,200089958,866626031287381,6B301T9U,VidFleet,VidFleet,4K,1,665,43.83840465545654,0,0,6.3833863735198975,1.5833333333333333,0,0,0,0,0,0,0
26869,200105032,016100000224204,6B30180W,VidFleet,VidFleet,4K,1,487,34.29753465068583,0,0,0,1,0,12204.083984375,0,0,0,0,0
26270,200087064,68B122360110,68B122360110,Geometris,"68 Series","68 Series",1,675,0,0,0,5.80472993850708,1,0,0,0,0,0,0,0
4401,200081901,015700001055423,015700001055423,Queclink,"GV Series",50MG,1,102,0,809.6875,0,0,0,0,0,0,0,0,0,0
4401,200079935,015700000935849,015700000935849,Queclink,"GV Series",50MG,1,102,0,1011.0747663551402,0,0,0,0,0,0,0,0,0,0
6900,200066948,864112050245172,4672017080,CalAmp,"32 - bit","TTU2830 Cat-M",1,275,72.70418548583984,1144.6,1.6,0,3.857142857142857,0,0,0,0,67.24137878417969,0,0
20105,200102607,865640060328298,88U130090204,Geometris,"80 Series",88,1,523,0,765.2857142857143,0,33.33333206176758,0,38.92025947570801,0,0,0,17.316692352294922,0,0
25368,200070328,864919052359706-060624173845,4672007225-060624173845,CalAmp,"32 - bit","TTU2830 Cat-M",1,642,0,0,0,0,0,100,0,0,0,0,0,0
26774,200102996,016100000224048,6B3018B9,VidFleet,VidFleet,4K,1,502,23.157275466918946,0,0,0,1,0,0,0,0,0,0,0
25368,200070240,864919053125239-060524181755,4672006780-060524181755,CalAmp,"32 - bit","TTU2830 Cat-M",1,641,0,1006.3333333333334,0,0,50,100,0,0,1,0,0,0
25368,200070234,864919054321928-060524181751,4672005354-060524181751,CalAmp,"32 - bit","TTU2830 Cat-M",1,641,0,0,0,0,0,100,0,0,0,0,0,0
25368,200070341,864919052275969-060524181759,4672005288-060524181759,CalAmp,"32 - bit","TTU2830 Cat-M",1,641,0,0,99,0,0,100,0,0,1,0,0,0
24010,200050156,868199059568833,4675130188,CalAmp,"32 - bit","LMU2630 CAT_M",1,1042,67.6151008605957,796.75,1.3333333333333333,0,1,0,0,0,0,98.71794891357422,0,0
4773,200055334,865284048132439-062124171118,4675016620-062124171118,CalAmp,"32 - bit","LMU2630 CAT_M",1,855,0,0,1.7142857142857142,5.788435578346252,0,0,0,0,0,0,0,0
27144,200110020,868923059961668-060324184539,4675089551-060324184539,CalAmp,"32 - bit","LMU2630 CAT_M",1,419,5,0,3,0,4,100,0,0,0,0,0,0
27144,200117148,868199051791987-060324184602,4675081156-060324184602,CalAmp,"32 - bit","2630 LTE",1,328,0,840.5675675675676,1.7818181818181817,0,1,0,0,0,0,15.461847305297852,0,0
4773,200055343,865284048148815-060324183138,4675016745-060324183138,CalAmp,"32 - bit","LMU2630 CAT_M",1,639,0,0,1.3333333333333333,6.5119616985321045,40,0,0,0,0,0,0,0
27144,200110046,868199051791888-060324184557,4675081138-060324184557,CalAmp,"32 - bit","LMU2630 CAT_M",1,419,3.637078642845154,0,0,0,0,98.31460571289062,0,0,0,0,0,0
4231,200047707,864919051068472,4675130681,CalAmp,"32 - bit","LMU2630 CAT_M",1,1040,0,0,1.95,5.205544948577881,0,0,0,0,0,0,0,0
7100,200065891,88B120190310,88B120190310,Geometris,"80 Series",88,1,659,103.92545318603516,775.8181818181819,0,0,0,0,0,0,0,21.73720073699951,0,0
27816,200099384,864112059871358,4672051156,CalAmp,"32 - bit","TTU2830 Cat-M",1,573,64.78873443603516,0,1.4,18.829517364501953,33.6,0,0,0,1,0,0,0
23535,200038054,88X103640034,88X103640034,Geometris,"80 Series",88,1,1210,0,0,0,0,0,31.31153392791748,0,0,0,0,0,0
27762,200119481,016100000308692,6B301BE1,VidFleet,VidFleet,4K,1,294,40.35607419695173,0,0,5.55555534362793,0,0,0,0,0,0,0,0
21191,200125164,865640064511972-053024201714,4675341183-053024201714,CalAmp,"32 - bit","2630 LTE",1,128,0,0,1.1,20.40665074092586,3,0,0,0,0,0,0,0
25407,200119569,868923057338380-053024201441,4675065008-053024201441,CalAmp,"32 - bit","2630 LTE",1,293,0,0,1.9259259259259258,5.285080591837565,0,0,0,0,0,0,0,0
3585,200051325,864919057679546-053024191437,4675165823-053024191437,CalAmp,"32 - bit","LMU2630 CAT_M",1,635,0,0,6.5,0,0,92.68292999267578,0,0,0,0,0,0
24964,200062231,353805119329667,4572284816,CalAmp,"32 - bit","LMU3035 LTE",1,868,0,0,0,5.067843437194824,0,0,0,0,0,21.590909957885742,0,0
27144,200110029,865284048094332-053024175700,4675016121-053024175700,CalAmp,"32 - bit","LMU2630 CAT_M",1,415,0,0,8,0,0,0,0,0,0,0,0,0
27144,200110023,864919051065692-053024175652,4675130928-053024175652,CalAmp,"32 - bit","LMU2630 CAT_M",1,415,0,0,2.5,8.148148536682129,6,0,0,0,0,0,0,0
27144,200067796,864919057675742-053024175648,4675208057-053024175648,CalAmp,"32 - bit","LMU2630 CAT_M",1,635,0,0,1,0,0,0,0,0,0,0,0,0
4213,200047118,868199051849959-053024202121,4675081989-053024202121,CalAmp,"32 - bit","2630 LTE",1,1074,0,0,0,0,0,96.42857131958007,0,0,0,0,0,0
24398,200049626,868199059548777-053024175135,4675131054-053024175135,CalAmp,"32 - bit","2630 LTE",1,875,0,0,1.4827586206896552,5,1,0,0,0,0,0,0,0
25897,200091944,865640069024005-053024192119,4675382353-053024192119,CalAmp,"32 - bit","LMU2630 CAT_M",1,617,0,0,0,5.338809013366699,0,0,0,0,0,0,0,0
24398,200103832,865640068076154-053024175152,4675382264-053024175152,CalAmp,"32 - bit","LMU2630 CAT_M",1,483,0,0,1,0,1,0,0,0,0,98.64865112304688,0,0
24398,200049054,868199051829811-053024175123,4675082097-053024175123,CalAmp,"32 - bit","LMU2630 CAT_M",1,1043,0,1514.5,660.5454545454545,0,1,0,0,0,0,0,0,0
24398,200047865,864919051068142-053024175111,4675130915-053024175111,CalAmp,"32 - bit","2630 LTE",1,1071,0,0,1.2857142857142858,0,0,0,0,0,0,0,0,0
24398,200049625,864919053208100-053024175131,4675131064-053024175131,CalAmp,"32 - bit","2630 LTE",1,1024,0,0,5,0,18,0,0,0,0,0,0,0
24398,200047864,868199058239550-053024175105,4675130935-053024175105,CalAmp,"32 - bit","2630 LTE",1,1071,0,0,2.6153846153846154,0,5.153846153846154,0,0,0,0,0,0,0
25897,200091924,865640068215612-053024192115,4675382381-053024192115,CalAmp,"32 - bit","LMU2630 CAT_M",1,617,0,0,3.8333333333333335,10.9696592603411,0,0,0,0,0,0,0,0
24398,200049628,864919053188476-053024175143,4675131062-053024175143,CalAmp,"32 - bit","2630 LTE",1,1042,0,0,2,0,1,0,0,0,0,0,0,0
24398,200049053,864919051043269-053024175119,4675130843-053024175119,CalAmp,"32 - bit","LMU2630 CAT_M",1,1051,0,0,5,0,2,0,0,0,0,0,0,0
28393,200130355,016100000230730,2B3018TD,VidFleet,VidFleet,360,1,125,39.20771789550781,0,0,0,0,0,0,0,0,0,0,0
27121,200109339,016100000220905-052824203734,6B3019U5-052824203734,VidFleet,VidFleet,4K,1,419,48.407403310139976,0,0,6.87922887802124,0,0,0,0,0,0,0,0
27121,200109335,016100000220087-052824195707,6B3019B6-052824195707,VidFleet,VidFleet,4K,1,419,44.101313781738284,2763,0,0,1,0,0,0,0,0,0,0
23783,200102328,016100000201954,6B3017P2,VidFleet,VidFleet,4K,1,501,52.64822473833638,0,0,5.882352828979492,0,0,0,9,0,0,50,0
27988,200123297,016100000324103-052824154352,6B301BBX-052824154352,VidFleet,VidFleet,4K,1,235,63.3909912109375,0,0,0,0,0,24800.90234375,0,0,35.5013542175293,0,0
26623,200122002,864919055314393,3672028695,CalAmp,"32 - bit","LMU3640 LTE",1,281,0,0,1,5.750529766082764,0,0,0,0,0,0,0,0
23955,200039916,354592114198334,4673443281,CalAmp,"32 - bit","TTU2820 3G",1,1031,0,0,0,0,131,89.04593658447266,0,0,0,0,0,0
27988,200123305,016100000308429-052424201044,6B301BF3-052424201044,VidFleet,VidFleet,4K,1,231,61.92999685378302,0,0,0,0,0,0,0,0,33.165321350097656,0,0
27586,200116116,016100000293662-052424183809,6B301AWR-052424183809,VidFleet,VidFleet,4K,1,330,63.78191355112437,0,0,41.1668850409018,2.857142857142857,0,0,0,0,0,13.037809371948242,0
26405,200102964,016100000235176-052424174948,6B3018KT-052424174948,VidFleet,VidFleet,4K,1,486,48.75276279449463,0,0,0,0,0,0,0,0,0,0,0
26543,200098622,016100000104414,6B3014TY,VidFleet,VidFleet,4K,1,541,58.15565713246664,0,0,0,1,0,0,0,0,0,0,0
25530,200098072,865640065310499-052224153354,88U122710253-052224153354,Geometris,"80 Series",88,1,551,0,0,0,0,1,0,0,0,0,0,0,0
26252,200086034,88U122220295-052224153721,88U122220295-052224153721,Geometris,"80 Series",88,1,627,0,0,0,8.88888931274414,0,0,0,0,0,0,0,0
25672,200105342,865640065085356-052224152058,88U130300096-052224152058,Geometris,"80 Series",88,1,456,0,0,0,7.474421977996826,0,0,0,0,0,0,0,0
25672,200105279,865640065088707-052224152054,88U130300084-052224152054,Geometris,"80 Series",88,1,456,0,0,0,7.24390230178833,0,0,0,0,0,0,0,0
25672,200105282,865640065103449-052224152111,88U130300070-052224152111,Geometris,"80 Series",88,1,456,0,0,0,6,0,0,0,0,0,0,0,0
26930,200106359,865640067462462-052224152452,88U130050164-052224152452,Geometris,"80 Series",88,1,449,0,0,0,6.666666507720947,0,0,0,0,0,0,0,0
25672,200105121,865640065093343-052224152107,88U123480058-052224152107,Geometris,"80 Series",88,1,460,0,0,0,0,1,0,0,0,0,0,0,0
25672,200105281,865640065106780-052224152103,88U130300064-052224152103,Geometris,"80 Series",88,1,456,0,923,0,8.163265228271484,0,28.571428298950195,0,0,0,0,0,0
26529,200091097,862255067041019-052224150409,88U122420285-052224150409,Geometris,"80 Series",88,1,621,0,863.9230769230769,0,5.185184955596924,2,0,0,0,0,0,0,0
27821,200121043,016100000304808,6B301BXZ,VidFleet,VidFleet,4K,1,258,53.47231755937849,0,0,0,0,0,0,0,0,0,0,0
26623,200122010,864112050190642,3672028690,CalAmp,"32 - bit","LMU3640 LTE",1,281,0,0,147,0,30.5,0,0,0,0,0,0,0
25672,200105344,865640065112275-052224131750,88U130300086-052224131750,Geometris,"80 Series",88,1,456,0,0,0,18.631622505187988,0,0,0,0,0,0,0,0
26252,200086041,88U122220339-052224134018,88U122220339-052224134018,Geometris,"80 Series",88,1,627,0,0,0,5.369711716969808,1,0,0,0,0,0,0,0
5236,200085483,88U122070334-052224133707,88U122070334-052224133707,Geometris,"80 Series",88,1,627,0,0,0,10.389610290527344,0,0,0,0,0,0,0,0
26376,200092106,862255067058740-052224133501,88U122500606-052224133501,Geometris,"80 Series",88,1,607,0,0,0,8.768406867980957,0,0,0,0,0,0,0,0
953,200098754,865640067519386-052224132934,88U122860180-052224132934,Geometris,"80 Series",88,1,539,0,0,0,8.95522403717041,0,0,0,0,0,0,0,0
26376,200092110,862255067057718-052224133457,88U122500574-052224133457,Geometris,"80 Series",88,1,607,0,0,0,6.166982889175415,0,0,0,0,0,0,0,0
26529,200100914,860092057440964-052224131503,88U123180500-052224131503,Geometris,"80 Series",88,1,511,0,0,2,5.748370329538981,1,0,0,0,0,0,0,0
26252,200086040,88U122220289-052224134022,88U122220289-052224134022,Geometris,"80 Series",88,1,627,0,0,0,5.089820384979248,2.1666666666666665,0,0,0,0,0,0,0
22920,200130210,862255067075363-052224132507,88U122500502-052224132507,Geometris,"80 Series",88,1,17,0,0,0,0,1,0,0,0,0,0,0,0
25672,200105343,865640065116441-052224131745,88U130300066-052224131745,Geometris,"80 Series",88,1,456,0,0,0,5.363513946533203,1,0,0,0,0,0,0,0
26529,200103902,865640065110410-052224131459,88U123480170-052224131459,Geometris,"80 Series",88,1,474,0,0,0,5.7971014976501465,0,0,0,0,0,0,0,0
26286,200086921,88U122370204-052224133245,88U122370204-052224133245,Geometris,"80 Series",88,1,627,0,0,0,6.1855669021606445,0,0,0,0,0,0,0,0
26252,200086043,88U122220255-052024155244,88U122220255-052024155244,Geometris,"80 Series",88,1,625,0,0,0,5.442176818847656,0,0,0,0,0,0,0,0
25690,200086741,88U122220168-052024154308,88U122220168-052024154308,Geometris,"80 Series",88,1,625,0,0,0,5.263157844543457,0,0,0,0,0,0,0,0
26459,200093946,862255067108883,88U122580004,Geometris,"80 Series",88,1,610,0,0,0,0,1.6666666666666667,0,0,0,0,0,0,0
26529,200100916,860092057440998-051724204117,88U123180452-051724204117,Geometris,"80 Series",88,1,506,0,810,1,7.108042430877686,1,0,0,0,0,0,0,0
26529,200100913,860092057441038-051724204102,88U123180456-051724204102,Geometris,"80 Series",88,1,506,0,0,0,15.865954780578614,0,0,0,0,0,0,0,0
26529,200100915,860092057445898-051724204110,88U123180467-051724204110,Geometris,"80 Series",88,1,506,0,781,0,7.087166690826416,2,0,0,0,0,0,0,0
26529,200096016,860092057462059-051724204106,88U122860452-051724204106,Geometris,"80 Series",88,1,561,0,836.4444444444445,0,6.787275433540344,2,0,0,0,0,12.776412963867188,0,0
26376,200092108,862255067053345-051724204134,88U122500590-051724204134,Geometris,"80 Series",88,1,602,0,0,0,8.954820156097412,0,0,0,0,0,0,0,0
26252,200086045,88U122220298-051724204304,88U122220298-051724204304,Geometris,"80 Series",88,1,622,0,0,3.5964912280701755,5.577028052012126,1,0,0,0,0,0,0,0
26252,200086039,88U122220292-051724204300,88U122220292-051724204300,Geometris,"80 Series",88,1,622,0,0,0,6.113944212595622,16,0,0,0,0,0,0,0
26097,200104853,865640065057421-051724204129,88U123480091-051724204129,Geometris,"80 Series",88,1,456,0,0,0,0,1,0,0,0,0,0,0,0
26644,200099180,860092057427037,88U122860038,Geometris,"80 Series",88,1,554,0,1132.25,0,0,0,0,0,0,0,0,0,0
25738,200117118,016100000284539,6B301AAS,VidFleet,VidFleet,4K,1,318,57.05003901890346,0,0,0,0,0,0,0,0,0,0,0
28605,200132832,862427063941233-051524125914,88X140370189-051524125914,Geometris,"80 Series",88,1,61,76.31269454956055,0,0,0,3,0,0,0,0,0,0,0
26319,200091106,016100000010330-051424194159,6B301JRM-051424194159,VidFleet,VidFleet,4K,1,613,66.16220201764789,0,0,0,15.857142857142858,0,0,0,0,0,0,0
28515,200131832,016100000518332-051424190836,6B301ET4-051424190836,VidFleet,VidFleet,4K,1,81,21.611785888671875,0,0,0,0,0,0,0,0,0,0,0
28515,200131831,016100000491555-051424190832,6B301GU9-051424190832,VidFleet,VidFleet,4K,1,81,23.481495539347332,0,0,0,1,0,0,0,0,0,0,0
26319,200091104,016100000003202-051324203922,6B301JN9-051324203922,VidFleet,VidFleet,4K,1,612,58.67671114603679,0,0,0,0,0,0,0,0,0,0,0
28325,200129095,016100000529909-061024150420,6B301EGD-061024150420,VidFleet,VidFleet,4K,1,126,21.928871154785156,0,0,0,0,0,0,0,0,16.10702610015869,0,0
28325,200129097,016100000493957-051324183955,6B301EGN-051324183955,VidFleet,VidFleet,4K,1,126,25.061861855643137,0,0,0,1,0,0,0,0,0,0,0
26319,200091107,016100000004895-051024154038,6B301JYE-051024154038,VidFleet,VidFleet,4K,1,609,63.198039054870605,2731,0,0,0,0,0,0,0,0,0,0
26930,200106372,016100000224345-051024150617,6B3019FP-051024150617,VidFleet,VidFleet,4K,1,437,52.81778608049665,0,0,0,0,0,0,0,0,0,0,0
27701,200118088,016100000292136-051024142907,6B301A5R-051024142907,VidFleet,VidFleet,4K,1,290,44.12375411987305,0,0,0,0,0,0,0,0,0,0,0
26930,200106367,016100000215590-050924181519,6B3019K1-050924181519,VidFleet,VidFleet,4K,1,436,55.75276970863342,0,0,0,0,0,0,0,0,0,0,0
5175,200060586,864112052040001,4672025066,CalAmp,"32 - bit","TTU2830 Cat-M",1,285,67.76307830810546,0,1.3333333333333333,0,0,0,0,0,0,0,0,0
23396,200114156,016100000295113-050824181859,6B301A55-050824181859,VidFleet,VidFleet,4K,1,343,57.87089157104492,0,0,0,0,0,0,0,0,0,0,0
27991,200136330,016100000546192,6B301FYZ,VidFleet,VidFleet,4K,1,57,22.479345003763836,0,0,0,0,0,0,0,0,0,0,0
26932,200130346,016100000552489-050824181903,6B301EPB-050824181903,VidFleet,VidFleet,4K,1,155,0,0,0,0,1,0,0,0,0,0,0,0
25991,200102900,860092057508497,88U122940160,Geometris,"80 Series",88,1,225,0,0,0,7.164589786529541,0,0,0,0,0,0,0,0
21317,200135449,862255062594707-050324163541,862255062594707-050324163541,TopFly,"Asset (0x27)",TLP2,1,11,0,0,0,0,0,33.85826873779297,0,0,0,0,0,0
21122,200048787,868199059573833-050224181831,4675131025-050224181831,CalAmp,"32 - bit","LMU2630 CAT_M",1,591,0,0,3.25,0,0,0,0,0,0,0,0,0
24558,200088078,,6B301LXP,VidFleet,VidFleet,4K,1,874,52.810328882794046,0,0,0,1,0,0,0,0,0,0,0
1181,200128509,016100000502096-053124171816,6B301E86-053124171816,VidFleet,VidFleet,4K,1,130,26.009464836120607,0,0,0,0,0,0,0,0,0,0,0
25512,200076338,355286085016968,4572221613,CalAmp,"32 - bit","LMU3035 LTE",1,615,0,0,0,8.049110174179077,3,0,0,0,0,0,0,0
26446,200120936,016100000314898,6B301BCT,VidFleet,VidFleet,4K,1,240,49.42582159222297,2644.6111111111113,0,6.08695650100708,1.3,0,1697.1857503255208,0,0,16.45161247253418,0,0
26930,200106379,016100000233742-042524194413,6B3019H1-042524194413,VidFleet,VidFleet,4K,1,422,59.7626953125,0,0,0,0,0,0,0,0,0,0,0
26930,200106378,016100000140962-042524183855,6B3019GJ-042524183855,VidFleet,VidFleet,4K,1,422,58.52662104945029,0,0,0,1,0,0,0,0,0,0,0
25738,200121072,016100000326801,6B301B15,VidFleet,VidFleet,4K,1,271,51.60297608375549,0,0,0,1,0,0,0,0,42.54545593261719,0,0
26930,200106375,016100000217679-042524154831,6B3019Q2-042524154831,VidFleet,VidFleet,4K,1,422,53.46689987182617,0,0,0,2,0,0,0,0,0,0,0
28206,200127267,016100000553917,6B301EAT,VidFleet,VidFleet,4K,1,143,20.09758949279785,0,0,0,1,0,31587.8173828125,0,0,42.837579590933665,0,0
26930,200106371,016100000224428-042424194752,6B3019G1-042424194752,VidFleet,VidFleet,4K,1,421,44.08528464181082,0,0,0,1,0,0,0,0,0,0,0
26930,200106370,016100000233502-042424192911,6B3019JS-042424192911,VidFleet,VidFleet,4K,1,421,55.99251842498779,0,0,0,0,0,0,0,0,0,0,0
26930,200106376,016100000212514-042424183652,6B3019N6-042424183652,VidFleet,VidFleet,4K,1,421,52.05627632141113,0,0,0,1,0,0,0,0,0,0,0
26027,200089443,866626031287787-042424160508,6B301TBK-042424160508,VidFleet,VidFleet,4K,1,670,45.39761734008789,0,0,5.55555534362793,0,0,0,0,0,0,0,0
26027,200089450,866626031287464-042424154154,6B301T90-042424154154,VidFleet,VidFleet,4K,1,670,50.8674588757892,0,0,0,0,0,0,0,0,0,0,0
22507,200026961,359636091128973,4674323490,CalAmp,"32 - bit","2630 LTE",1,1165,0,0,10.5,0,0,0,0,0,0,0,0,0
28441,200131283,016100000520981,6B301EPY,VidFleet,VidFleet,4K,1,75,31.383973757425945,0,0,0,0,0,0,0,0,0,0,0
28071,200124320,862785045561381-041724134828,87X193090196-041724134828,Geometris,"80 Series","80 Series HSPA 3G",1,178,0,0,0,8.714893068586077,1,0,0,0,0,10.256410598754883,0,0
25496,200069048,68B120060024,68B120060024,Geometris,"68 Series","68 Series",1,566,88.2246322631836,949,3,31.574732780456543,61.75,0,0,0,0,0,0,0
28579,200132551,016100000494336,6B301G0W,VidFleet,VidFleet,4K,1,74,22.460033416748047,0,0,0,0,0,0,0,0,0,0,0
4648,200046054,96X111170146,96X111170146,Geometris,"80 Series","96-ATT Series",1,1043,0,794.9051724137931,3.1666666666666665,6.760901655469622,1.6363636363636365,0,0,0,0,0,0,0
27566,200115585,867969065020065,88X131390187,Geometris,"80 Series",88,1,332,0,0,0,5.8785529136657715,0,0,0,0,0,0,0,0
28174,200127228,016100000491951,6B301E87,VidFleet,VidFleet,4K,1,129,0,0,0,8.388949871063232,0,0,0,0,0,10.344827651977539,0,0
26027,200089430,866626031286383-041124154316,6B301VQK-041124154316,VidFleet,VidFleet,4K,1,657,54.08577747834035,0,0,0,1.3125,0,0,0,0,0,0,0
26027,200089427,866626031288678-041124154308,6B301VPM-041124154308,VidFleet,VidFleet,4K,1,657,48.327048972800924,0,0,0,1,0,0,0,0,0,0,0
26027,200089457,866626031167096-041124154312,6B301THN-041124154312,VidFleet,VidFleet,4K,1,657,57.0203140258789,0,0,0,0,0,0,0,0,0,0,0
28318,200128911,016100000496760-041124154323,6B301F18-041124154323,VidFleet,VidFleet,4K,1,98,521.7335815429688,0,0,0,1,0,0,0,0,0,0,0
27707,200118197,862427060286798,88X131230883,Geometris,"80 Series",88,1,265,0,0,0,0,0,91.57152975759199,0,0,0,0,0,0
2241,200053698,864919057764157,4675190946,CalAmp,"32 - bit","LMU2630 CAT_M",1,963,0,1622.648148148148,1.6136363636363635,0,4.770491803278689,0,0,0,0,0,0,0
5175,200046761,868199054299202,4672002226,CalAmp,"32 - bit","TTU2830 Cat-M",1,285,67.47159957885742,0,7,0,166,100,0,0,0,0,0,0
4201,200033769,356052109014275,4674881054,CalAmp,"32 - bit","2630 LTE",1,1121,0,0,1,6.63265323638916,0,0,0,0,0,0,0,0
26241,200089961,866626031181022,6B301TAB,VidFleet,VidFleet,4K,1,599,41.58474566386296,0,0,0,4.7368421052631575,0,0,0,0,0,0,0
26027,200089435,866626031182236-040924172329,6B301TAK-040924172329,VidFleet,VidFleet,4K,1,654,71.26601028442383,0,0,5.405405521392822,0,0,0,0,0,0,0,0
24558,200115317,866626030868520,6B2CMLM5,VidFleet,VidFleet,4K,1,290,58.24544357299805,0,0,0,1,0,0,0,0,0,0,0
1181,200112646,016100000215244,6B301804,VidFleet,VidFleet,4K,1,329,54.56798332615902,0,0,7.1944932831658255,23.753623188405797,23.64341163635254,0,0,0,0,0,0
27586,200116122,016100000269365,6B301AWW,VidFleet,VidFleet,4K,1,302,60.875523942889586,0,0,0,1,0,0,0,0,0,0,0
463,200065366,68B120040026,68B120040026,Geometris,"68 Series","68 Series",1,787,78.57046593560113,1171.3333333333333,0,7.317073345184326,0,0,0,0,0,10.676156997680664,0,0
28568,200132441,353535093773164,4674213954,CalAmp,"32 - bit","2630 LTE",1,39,112.78330841064454,0,0,0,0,0,0,0,0,0,0,0
22101,200045314,868199051809425,4675067580,CalAmp,"32 - bit","2630 LTE",1,437,0,738,1.8888888888888888,0,0,0,0,0,0,0,0,0
227,200122088,860092055712422,4675318084,CalAmp,"32 - bit","2630 LTE",1,62,0,0,1,0,0,0,0,0,0,0,0,0
27249,200111475,016100000216713,6B3019UW,VidFleet,VidFleet,4K,1,337,56.18980693817139,0,0,0,0,0,0,0,0,10.788544178009033,0,0
24115,200106838,860111054713619,88B113270108,Geometris,"80 Series",88,1,379,0,0,0,7.8125,1,0,0,0,0,0,0,0
21872,200017103,357766099189024-032824124741,4674563602-032824124741,CalAmp,"32 - bit","2630 LTE",1,1120,0,0,1.3333333333333333,5.986976416214652,0,0,0,0,0,0,0,0
27230,200111210,016100000233114,6B30197V,VidFleet,VidFleet,4K,1,373,53.01329549153646,0,0,0,1,0,0,0,0,0,0,0
26027,200089446,866626031174639-032724183018,6B301VQN-032724183018,VidFleet,VidFleet,4K,1,642,53.27635486309345,0,0,0,0,0,0,0,0,0,0,0
26027,200089431,866626031288561-032724133849,6B301TAL-032724133849,VidFleet,VidFleet,4K,1,642,48.51197204589844,0,0,0,2.4615384615384617,0,0,0,0,0,0,0
26027,200089445,866626031288165-032724133853,6B301VQL-032724133853,VidFleet,VidFleet,4K,1,642,54.23868430288214,0,0,6.060606002807617,1.2,0,0,0,0,0,0,0
26027,200089432,866626031287803-032624172054,6B301VPG-032624172054,VidFleet,VidFleet,4K,1,641,48.8263483914462,0,0,0,1,0,0,0,0,0,0,0
28484,200131824,016100000501924-032624172046,6B301ESA-032624172046,VidFleet,VidFleet,4K,1,33,0,0,0,0,1,0,0,0,0,0,0,0
6258,200122599,866258044681085,96X110970001,Geometris,"80 Series","96-ATT Series",1,137,0,0,0,5.845100283622742,0,0,0,0,0,0,0,0
21418,200126294,866626030979301,2B2DB2GW,VidFleet,VidFleet,360,1,126,0,0,0,0,9.5,0,0,0,0,0,0,0
6641,200091383,016100000002600-032524160909,6B301K07-032524160909,VidFleet,VidFleet,4K,1,560,57.301230324639214,0,0,0,1,0,0,0,0,0,0,0
28568,200132442,357766093289580,4674489702,CalAmp,"32 - bit","2630 LTE",1,39,93.41882133483887,0,1,0,0,0,0,0,0,0,0,0
27670,200122498,016100000306357,6B301B3E,VidFleet,VidFleet,4K,1,184,42.12872187296549,2649.6666666666665,0,5.551788171132405,1.6666666666666667,0,0,0,0,0,0,0
21112,200046336,868199051911239,4675080256,CalAmp,"32 - bit","2630 LTE",1,545,74.65625,0,1.6,5.263157844543457,1,35.64514891306559,0,0,0,15.924014568328857,0,0
28549,200132254,016100000559294-040524154342,6B301GX8-040524154342,VidFleet,VidFleet,4K,1,32,26.379241943359375,0,0,0,0,0,0,0,0,0,0,0
22093,200025297,356052109092297,4674850474,CalAmp,"32 - bit","2630 LTE",1,1145,0,0,3.657142857142857,0,0,100,0,0,0,0,0,0
6374,200099652,865640068903589-032124181456,4675413468-032124181456,CalAmp,"32 - bit","LMU2630 CAT_M",1,465,0,0,1.5,0,0,0,0,0,0,0,0,0
6374,200099657,865640069004072-032124181443,4675413467-032124181443,CalAmp,"32 - bit","LMU2630 CAT_M",1,465,0,0,1.3333333333333333,0,0,0,0,0,0,0,0,0
6374,200099663,865640068806584-032124181459,4675413425-032124181459,CalAmp,"32 - bit","LMU2630 CAT_M",1,465,0,0,1,0,0,0,0,0,0,0,0,0
6374,200099649,865640068899464-032124181439,4675413461-032124181439,CalAmp,"32 - bit","LMU2630 CAT_M",1,465,0,0,1.5,5.2219319343566895,0,0,0,0,0,0,0,0
6374,200099638,865640068186003-032124181447,4675413411-032124181447,CalAmp,"32 - bit","LMU2630 CAT_M",1,465,0,0,1.2222222222222223,7.433149178822835,0,0,0,0,0,0,0,0
6374,200099664,865640068098752-032124181431,4675413422-032124181431,CalAmp,"32 - bit","LMU2630 CAT_M",1,465,0,0,3,5.665024757385254,0,0,0,0,0,0,0,0
6374,200099648,865640068757795-032124181419,4675413442-032124181419,CalAmp,"32 - bit","LMU2630 CAT_M",1,465,0,0,4.3125,5.15463924407959,11.8125,0,0,0,0,0,0,0
6374,200099644,865640068145108-032124181435,4675413463-032124181435,CalAmp,"32 - bit","LMU2630 CAT_M",1,465,0,0,1,0,0,0,0,0,0,0,0,0
6374,200099656,865640068903720-032124181423,4675413466-032124181423,CalAmp,"32 - bit","LMU2630 CAT_M",1,465,0,756,1,7.112363576889038,0,0,0,0,0,0,0,0
26861,200108324,016100000219105,6B3018JC,VidFleet,VidFleet,4K,1,365,58.933903503417966,0,0,6.896551609039307,1,0,0,0,0,23.373493194580078,0,0
27586,200116107,016100000279646,6B301AK3,VidFleet,VidFleet,4K,1,266,56.54660852943979,0,0,6.315789699554443,1.3333333333333333,0,0,0,0,0,0,0
1433,200052664,864919057640670,4675172904,CalAmp,"32 - bit","LMU2630 CAT_M",1,908,0,0,4,7.5358942576817105,8,0,0,0,0,40.254672050476074,0,0
28233,200127530,016100000502880-032024143929,6B301E77-032024143929,VidFleet,VidFleet,4K,1,117,197.532470703125,0,0,0,2,0,0,0,0,0,0,0
25304,200088138,-032024143925,6B2CMLHP-032024143925,VidFleet,VidFleet,4K,1,826,51.15247917175293,0,0,0,0,0,0,0,0,0,0,0
25304,200088143,-032024130253,6B2CMLDM-032024130253,VidFleet,VidFleet,4K,1,826,96.53642272949219,0,0,0,0,0,0,0,0,0,0,0
344,200092909,865640068180485-032124143049,4675382787-032124143049,CalAmp,"32 - bit","LMU2630 CAT_M",1,535,0,0,0,8.473879146575928,0,0,0,0,0,0,0,0
907,200051928,864919057593036-032124143053,4675172927-032124143053,CalAmp,"32 - bit","LMU2630 CAT_M",1,936,0,0,2.5,17.647058486938477,1,0,0,0,0,0,0,0
23209,200101511,865640064546283,4675340611,CalAmp,"32 - bit","LMU2630 CAT_M",1,253,0,0,2,0,0,0,0,0,0,0,0,0
4827,200039331,868923057330999-032124143045,4675052067-032124143045,CalAmp,"32 - bit","LMU2630 CAT_M",1,1073,0,0,2,0,0,0,0,0,0,0,0,0
28466,200131353,016100000527077,6B301ERV,VidFleet,VidFleet,4K,1,98,0,0,0,6.711409568786621,0,0,0,0,0,0,0,0
27712,200118320,862427060281021,88X131230738,Geometris,"80 Series",88,1,236,0,768,1,9.806121826171875,7.5,0,0,0,0,0,0,0
27513,200114889,867969065022673,88X131390440,Geometris,"80 Series",88,1,274,0,0,0,0,1,0,0,0,0,0,0,0
26725,200101892,868996067088427,68B123190259,Geometris,"68 Series","68 Series",1,435,0,0,0,0,7.25,0,0,0,0,0,0,0
27965,200123028,860092055477000,4675317745,CalAmp,"32 - bit","2630 LTE",1,260,0,0,10.153846153846153,0,1.6666666666666667,0,0,0,1,0,0,0
344,200092904,865640068794087-031824134609,4675382725-031824134609,CalAmp,"32 - bit","LMU2630 CAT_M",1,532,0,0,4,7.396484375,0,0,0,0,0,0,0,0
344,200092881,865640068104642-031824134544,4675382762-031824134544,CalAmp,"32 - bit","LMU2630 CAT_M",1,532,0,0,0,6.497211456298828,0,0,0,0,0,0,0,0
4248,200050998,864919057742013-031824134627,4675165896-031824134627,CalAmp,"32 - bit","2630 LTE",1,562,0,0,2.727272727272727,5.531914710998535,0,0,0,0,0,0,0,0
344,200092885,865640068190401-031824134605,4675382780-031824134605,CalAmp,"32 - bit","LMU2630 CAT_M",1,532,0,0,1,11.675159913522226,0,0,0,0,0,0,0,0
344,200092919,865640068148086-031824134540,4675382750-031824134540,CalAmp,"32 - bit","LMU2630 CAT_M",1,532,0,0,0,8.843947701983982,0,0,0,0,0,0,0,0
22698,200057713,868199051821743-031824134532,4675082177-031824134532,CalAmp,"32 - bit","LMU2630 CAT_M",1,864,0,810,0,5.621301651000977,1,0,0,0,0,0,0,0
344,200092927,865640068092664-031824134605,4675382802-031824134605,CalAmp,"32 - bit","LMU2630 CAT_M",1,532,0,0,0,8.61600409235273,0,0,0,0,0,0,0,0
344,200048227,868199051793470-031824134548,4675081494-031824134548,CalAmp,"32 - bit","LMU2630 CAT_M",1,786,0,0,1.4285714285714286,5.8485589027404785,0,0,0,0,0,0,0,0
23201,200123225,867198050048507,87X102170137,Geometris,"80 Series","80 Series HSPA 3G",1,127,84.00642903645833,834.4375,1,16.41306479771932,1.75,0,0,0,0,11.583924293518066,0,0
344,200092902,865640068212973-031824134553,4675382788-031824134553,CalAmp,"32 - bit","LMU2630 CAT_M",1,532,0,0,1,11.33031059566297,4,0,0,0,0,0,0,0
27980,200123216,862464060829392-031424151357,88B120420089-031424151357,Geometris,"80 Series",88,1,162,0,809,0,5.202702760696411,0,0,0,0,0,0,0,0
25521,200068682,88B120330030-031424151556,88B120330030-031424151556,Geometris,"80 Series",88,1,756,0,0,3,0,0,0,0,0,0,0,0,0
25304,200088144,-031324171132,6B2CMLK7-031324171132,VidFleet,VidFleet,4K,1,819,55.722365061442055,0,0,0,0,0,0,0,0,0,0,0
25304,200109970,016100000223834-031324171156,6B3018JR-031324171156,VidFleet,VidFleet,4K,1,338,49.79271979081003,0,0,0,1.5714285714285714,0,0,0,0,0,0,0
27943,200122627,88B120890432-031224154047,88B120890432-031224154047,Geometris,"80 Series",88,1,163,0,0,0,6.31268949508667,1,0,0,0,0,0,0,0
25833,200129033,016100000494146,6B301EJP,VidFleet,VidFleet,4K,1,75,0,2985.5555555555557,0,0,1,0,0,0,0,0,66.66666412353516,0
26838,200104372,016100000189944,6B3017W8,VidFleet,VidFleet,4K,1,474,50.8969855769988,0,0,0,1,0,0,0,0,0,0,0
28568,200132443,357766099336633,4674566746,CalAmp,"32 - bit","2630 LTE",1,8,100.71691131591797,0,0,0,0,0,0,0,0,0,0,0
27670,200122519,016100000323113,6B301C2B,VidFleet,VidFleet,4K,1,172,45.293983459472656,0,0,6.015037536621094,0,0,0,0,0,0,0,0
22721,200092987,016100000016386,6B301K3H,VidFleet,VidFleet,4K,1,525,58.006893157958984,0,0,0,0,0,0,0,0,0,0,0
27718,200118366,88B112920162,88B112920162,Geometris,"80 Series",88,1,224,0,0,0,6.817998027801513,0,0,0,0,0,0,0,0
27718,200118368,88B112920119,88B112920119,Geometris,"80 Series",88,1,224,0,0,0,8.762887001037598,0,0,0,0,0,0,0,0
24621,200052467,88B112420105-030724164130,88B112420105-030724164130,Geometris,"80 Series",88,1,860,0,0,0,6.639004230499268,0,0,0,0,0,0,0,0
21734,200045451,357766099076882,4674556402,CalAmp,"32 - bit","LMU 2630 LTE USC",1,1059,0,1338,1,5.666666746139526,2,0,0,0,0,0,0,0
6595,200016121,357766097569359,4674466895,CalAmp,"32 - bit","2630 LTE",1,1168,0,0,2.9166666666666665,0,0,0,0,0,0,0,0,0
25368,200075897,88B121020005,88B121020005,Geometris,"80 Series",88,1,551,0,0,0,6.020555078983307,0,0,0,0,0,0,0,0
6821,200059692,88B113140056,88B113140056,Geometris,"80 Series",88,1,785,0,0,0,5.263157844543457,1,0,0,0,0,0,0,0
344,200068588,88B120330098,88B120330098,Geometris,"80 Series",88,1,720,0,0,0,6.901039653354221,0,0,0,0,0,0,0,0
6821,200076904,88B121220219,88B121220219,Geometris,"80 Series",88,1,654,0,0,0,5.905879855155945,0,0,0,0,0,0,0,0
27600,200116252,864622046540387-030724164114,88B112040269-030724164114,Geometris,"80 Series",88,1,208,0,0,0,6.575942277908325,0,0,0,0,0,0,0,0
27718,200118367,88B112920060,88B112920060,Geometris,"80 Series",88,1,224,0,0,0,6.374502182006836,0,0,0,0,0,0,0,0
27718,200118372,88B112920138,88B112920138,Geometris,"80 Series",88,1,224,0,1391.8333333333333,0,0,1,0,0,0,0,16.361594200134277,0,0
27943,200122630,88B120890348,88B120890348,Geometris,"80 Series",88,1,163,0,0,0,7.72254490852356,0,0,0,0,0,0,0,0
3674,200089884,016100000005884-030624151353,6B301K9X-030624151353,VidFleet,VidFleet,4K,1,569,107.9611930847168,0,0,0,2.3333333333333335,0,0,0,0,0,0,0
24711,200117099,016100000326520-030624151349,6B301C0Y-030624151349,VidFleet,VidFleet,4K,1,240,46.17536608378092,0,0,0,3,0,0,0,0,0,0,0
26577,200097719,016100000003970-030624151342,6B301K3Q-030624151342,VidFleet,VidFleet,4K,1,477,0,0,0,0,2,0,0,0,0,0,0,0
25304,200088135,-030624151327,6B2CMLFZ-030624151327,VidFleet,VidFleet,4K,1,812,0,0,0,0,2,0,0,0,0,0,0,0
25304,200088141,-030624151335,6B2CMLD6-030624151335,VidFleet,VidFleet,4K,1,812,72.44652811686198,0,0,11.517861604690552,1.6666666666666667,0,0,0,0,0,0,0
27943,200122628,88B120890359,88B120890359,Geometris,"80 Series",88,1,163,0,0,0,6.370997905731201,1,0,0,0,0,0,0,0
344,200068577,88B120330137,88B120330137,Geometris,"80 Series",88,1,728,0,0,0,11.108198324839273,0,0,0,0,0,0,0,0
27943,200122624,88B120030131,88B120030131,Geometris,"80 Series",88,1,163,0,802,0,7.36290963490804,1,0,0,0,0,0,0,0
24464,200055093,88B112600127,88B112600127,Geometris,"80 Series",88,1,873,0,825,0,5.1724138259887695,1,0,0,0,0,0,0,0
6821,200059699,88B113140089,88B113140089,Geometris,"80 Series",88,1,785,0,0,0,8.981666088104248,0,0,0,0,0,0,0,0
27718,200118364,88B112920117,88B112920117,Geometris,"80 Series",88,1,224,0,0,0,6.910769780476888,0,0,0,0,0,0,0,0
6858,200054343,88B112520119,88B112520119,Geometris,"80 Series",88,1,659,0,0,0,0,0,26.22222137451172,0,0,0,0,0,0
27943,200122629,88B120890371,88B120890371,Geometris,"80 Series",88,1,163,0,0,2,0,3,0,0,0,0,0,0,0
26749,200102296,016100000191742,6B3017VP,VidFleet,VidFleet,4K,1,417,50.35646724700928,0,0,0,1,0,0,0,0,0,0,0
21112,200046334,868199051769884,4675080255,CalAmp,"32 - bit","2630 LTE",1,1011,0,0,1.7391304347826086,5.5194807052612305,3.6666666666666665,54.43722915649414,0,0,0,50.96583652496338,0,0
344,200108411,866626031286664-030124185705,6B301SYM-030124185705,VidFleet,VidFleet,4K,1,344,29.43538475036621,0,0,0,0,0,0,0,0,0,0,0
344,200089940,866626031287571-030124184940,6B301TB5-030124184940,VidFleet,VidFleet,4K,1,562,58.39900875091553,0,0,0,0,0,0,0,0,0,0,0
27975,200123114,866258043711073-022924203055,96X110970063-022924203055,Geometris,"80 Series","96-ATT Series",1,148,0,2768.814814814815,1.6666666666666667,0,1.8,0,0,0,0,0,0,0
23052,200045789,96X111170101-022924210211,96X111170101-022924210211,Geometris,"80 Series","96-ATT Series",1,1010,0,0,0,5.85774040222168,0,0,0,0,0,0,0,0
24368,200047520,96X111540058-022924213803,96X111540058-022924213803,Geometris,"80 Series","96-ATT Series",1,988,0,0,0,9.233809852600098,0,0,0,0,0,0,0,0
6821,200023758,87X100160120-022924140804,87X100160120-022924140804,Geometris,"80 Series","80 Series HSPA 3G",1,1422,0,1362.5,0,0,2,0,0,0,0,0,0,0
6821,200030126,87X102030039-022924140809,87X102030039-022924140809,Geometris,"80 Series","80 Series HSPA 3G",1,1296,0,0,0,12.921251773834229,0,0,0,0,0,0,0,0
27943,200122620,87X100770146-022924140517,87X100770146-022924140517,Geometris,"80 Series","80 Series HSPA 3G",1,156,0,768,0,0,2,0,0,0,0,0,0,0
20826,200015847,87X191820161-022924140117,87X191820161-022924140117,Geometris,"80 Series","80 Series HSPA 3G",1,1512,0,1340.5,0,0,1,0,0,0,0,0,0,0
23041,200033007,87X102650051-022924134238,87X102650051-022924134238,Geometris,"80 Series","80 Series HSPA 3G",1,1220,0,0,0,7.692307472229004,0,0,0,0,0,0,0,0
344,200029713,87X101920004-022924134550,87X101920004-022924134550,Geometris,"80 Series","80 Series HSPA 3G",1,1298,0,0,0,9.25353453709529,4,0,0,0,0,0,0,0
3491,200068249,68B120250539,68B120250539,Geometris,"68 Series","68 Series",1,724,0,0,2.5714285714285716,7.227391242980957,0,0,0,0,0,0,0,0
25368,200091595,862255067063708-022824210226,88U122500389-022824210226,Geometris,"80 Series",88,1,531,0,0,0,0,0,64.01180267333984,0,0,0,0,0,0
26775,200103010,860092057488690,88U122940114,Geometris,"80 Series",88,1,437,0,900.5,0,20,1,45.454545974731445,0,0,0,0,0,0
21324,200061175,88X113420242,88X113420242,Geometris,"80 Series",88,1,499,0,0,0,9.7619047164917,1,0,0,0,0,0,0,0
26596,200096774,016100000015503,6B301K2E,VidFleet,VidFleet,4K,1,533,46.4838981628418,0,0,0,0,0,0,0,0,0,0,0
1922,200023880,359998073988869,3174062158,CalAmp,"8 - bit","TTU730 LTE-V",1,940,0,0,0,0,0,0,0,0,0,100,0,0
24414,200048049,96X111650198,96X111650198,Geometris,"80 Series","96-ATT Series",1,939,0,0,3,0,0,0,0,0,0,0,0,0
25768,200107551,865640067503414,88U123560058,Geometris,"80 Series",88,1,344,0,0,0,5.55555534362793,1,22.22222137451172,0,0,0,0,0,0
27048,200123113,866626030988740,2B2DB2U2,VidFleet,VidFleet,360,1,251,0,0,0,0,4.625,0,0,0,0,0,0,0
28361,200130627,016100000233148-030624191733,2B30190M-030624191733,VidFleet,VidFleet,360,1,40,0,0,0,0,1,0,0,0,0,0,0,0
28361,200129359,016100000559450-030624191728,6B301C3J-030624191728,VidFleet,VidFleet,4K,1,54,0,0,0,5.149564504623413,0,0,0,0,0,0,0,0
27943,200122631,88U122500672-022224145530,88U122500672-022224145530,Geometris,"80 Series",88,1,149,0,0,0,6.153846263885498,0,0,0,0,0,0,0,0
27718,200118383,88U123210477-022224145128,88U123210477-022224145128,Geometris,"80 Series",88,1,210,0,0,0,0,1,0,0,0,0,0,0,0
26245,200085931,88U122220354-022224145304,88U122220354-022224145304,Geometris,"80 Series",88,1,537,0,0,0,0,0,16.339868545532227,0,0,0,0,0,0
27718,200118384,88U123210472-022224145224,88U123210472-022224145224,Geometris,"80 Series",88,1,210,0,0,0,8.743047952651978,0,0,0,0,0,0,0,0
344,200104815,865640065045889-022224143813,88U123480070-022224143813,Geometris,"80 Series",88,1,371,0,0,0,5.724682807922363,1,0,0,0,0,0,0,0
26777,200103059,860092057437846-022224143926,88U122940010-022224143926,Geometris,"80 Series",88,1,393,0,919,0,0,0,0,0,0,0,0,0,0
23211,200038102,88X103640048-030124202017,88X103640048-030124202017,Geometris,"80 Series",88,1,545,0,833,0,0,1,0,0,0,0,13.043478012084961,0,0
3213,200117970,867969065185538,88X131660077,Geometris,"80 Series",88,1,209,0,760.05,0,0,1.4,0,0,0,0,0,0,0
26654,200099362,865640065368380-040924183425,88U122710227-040924183425,Geometris,"80 Series",88,1,489,0,0,0,6.990314266898415,0,24.76621389389038,0,0,0,0,0,0
24989,200125076,015700000977601,015700000977601,Queclink,"GV Series",50MG,1,66,0,1388.6060606060605,2.6666666666666665,0,5.333333333333333,0,0,0,0,0,0,0
28119,200125221,862427061089423-022624160653,88X132190121-022624160653,Geometris,"80 Series",88,1,110,0,755,0,0,1.5,0,0,0,0,0,0,0
26405,200092796,016100000001503,6B301KHJ,VidFleet,VidFleet,4K,1,509,55.646111488342285,0,0,6.349206447601318,0,0,0,0,0,0,0,0
21982,200036067,87X102790079,87X102790079,Geometris,"80 Series","80 Series HSPA 3G",1,1228,0,0,0,5.200659513473511,4.4,0,0,0,0,0,0,0
27889,200121488,016100000314047,6B301BK7,VidFleet,VidFleet,4K,1,162,63.16673755645752,0,0,0,0,0,0,0,0,0,0,0
6258,200122590,866258044667951,96X110990033,Geometris,"80 Series","96-ATT Series",1,137,0,0,0,6.7360091831373134,0,0,0,0,0,0,0,0
27802,200131597,866626031163657,6B301SW2,VidFleet,VidFleet,4K,1,8,0,0,0,7.142857074737549,0,0,0,0,0,0,0,0
26892,200105352,015425002439018,015425002439018,Queclink,"GL Series",500MG,1,325,2.4000000953674316,0,0,0,0,0,0,0,0,0,0,0
3922,200079800,68B121590204,68B121590204,Geometris,"68 Series","68 Series",1,563,0,0,1.6666666666666667,0,4.5,0,0,0,0,0,0,0
26985,200107253,865640065047380,88U123480396,Geometris,"80 Series",88,1,321,0,0,0,7.885763292727263,0,0,0,0,0,0,0,0
26863,200128954,866626030542778,6B301VPT,VidFleet,VidFleet,4K,1,43,0,0,0,0,1.6666666666666667,0,0,0,0,0,0,0
26654,200099370,865640065364314-021524210636,88U122710182-021524210636,Geometris,"80 Series",88,1,435,0,0,0,5.128205299377441,0,0,0,0,0,0,0,0
26654,200099361,865640065394741-021524210640,88U122710183-021524210640,Geometris,"80 Series",88,1,435,0,0,0,6.103367328643799,0,0,0,0,0,0,0,0
26654,200099349,865640065364264-021524210645,88U122710223-021524210645,Geometris,"80 Series",88,1,435,0,0,0,9.315946578979492,0,0,0,0,0,0,0,0
26654,200099353,865640065359348-021524210615,88U122710234-021524210615,Geometris,"80 Series",88,1,435,0,0,0,7.308531939983368,0,0,0,0,0,0,0,0
26654,200099367,865640065306653-021524210649,88U122710233-021524210649,Geometris,"80 Series",88,1,435,0,0,0,7.309941450754802,0,0,0,0,0,0,0,0
26654,200099374,865640065367978-021524210558,88U122710245-021524210558,Geometris,"80 Series",88,1,435,0,0,0,10.549259821573893,0,0,0,0,0,0,0,0
953,200098750,865640067461175-021524204645,88U122860182-021524204645,Geometris,"80 Series",88,1,442,0,0,0,5.128205299377441,0,0,0,0,0,0,0,0
25368,200091594,862255067058997-021524213225,88U122500273-021524213225,Geometris,"80 Series",88,1,518,0,803,0,0,0,0,0,0,0,0,0,0
21515,200081625,865640068131025,4675382050,CalAmp,"32 - bit","LMU2630 CAT_M",1,587,0,0,1.5,0,0,85.66304952448064,0,0,0,62.857133865356445,0,0
21515,200081629,865640068799425,4675382033,CalAmp,"32 - bit","LMU2630 CAT_M",1,560,0,0,1.2857142857142858,0,0,100,0,0,0,0,0,0
26654,200099360,865640065359462-021524210624,88U122710218-021524210624,Geometris,"80 Series",88,1,435,0,0,0,10.958904266357422,0,0,0,0,0,0,0,0
26654,200099363,865640065372127-021524210611,88U122710220-021524210611,Geometris,"80 Series",88,1,435,0,0,0,11.827957153320312,0,0,0,0,0,0,0,0
26697,200101168,860092057412740-021524172305,88U123180395-021524172305,Geometris,"80 Series",88,1,414,0,0,0,0,1.3333333333333333,0,0,0,0,0,0,0
26697,200101169,860092057465359-021524172312,88U123180471-021524172312,Geometris,"80 Series",88,1,414,0,0,0,7.236842155456543,1,0,0,0,0,0,0,0
27213,200111016,016100000189688,6B3018HS,VidFleet,VidFleet,4K,1,301,55.76695705104519,0,0,0,0,0,0,0,0,0,0,0
25778,200074757,88B120890287-021424140401,88B120890287-021424140401,Geometris,"80 Series",88,1,657,0,0,0,0,0,38.235294342041016,0,0,0,0,0,0
27116,200109261,016100000229823-021224215840,6B3019H3-021224215840,VidFleet,VidFleet,4K,1,314,51.00810527801514,0,0,0,3,0,0,0,0,0,0,0
6258,200122581,866258044279633,96X111230134,Geometris,"80 Series","96-ATT Series",1,137,0,0,0,6.643336023603167,0,0,0,0,0,0,0,0
26623,200116074,867198050059124-021224211128,87X102030160-021224211128,Geometris,"80 Series","80 Series HSPA 3G",1,228,0,1557.090909090909,0,0,2.1666666666666665,57.24749755859375,0,0,0,16.219587326049805,0,0
28242,200128181,867969061609705,88X133410175,Geometris,"80 Series",88,1,182,0,863.8571428571429,0,0,1,0,0,0,0,0,0,0
25642,200113156,016100000244186-021224143537,6B301823-021224143537,VidFleet,VidFleet,4K,1,266,61.71618765371817,0,0,0,0,0,0,0,0,0,0,0
27977,200123134,016100000315069-021224143524,6B301BPQ-021224143524,VidFleet,VidFleet,4K,1,131,51.77015686035156,0,0,0,0,0,0,0,0,0,0,0
26918,200105842,016100000247262-021224143530,6B3019UX-021224143530,VidFleet,VidFleet,4K,1,353,121.1408101717631,0,0,0,0,0,0,0,0,0,0,0
23812,200040823,88X110530044,88X110530044,Geometris,"80 Series",88,1,201,0,0,1,6.219659741719564,1,0,0,0,0,0,0,0
26237,200106853,866258045763155,95X121090067,Geometris,"80 Series","95 Series USC",1,342,2.611641764640808,0,0,9.83172286640514,0,32.8656120300293,0,0,0,0,0,0
6258,200122597,866258044325329,96X111250049,Geometris,"80 Series","96-ATT Series",1,137,0,0,0,6.6157909120832175,0,0,0,0,0,0,0,0
547,200007320,356961076223372,4674035116,CalAmp,"32 - bit","2630 3G",1,1085,0,0,3.0476190476190474,6.1614876474652975,0,42.18490346272787,0,0,0,0,0,0
6258,200122584,866258044323712,96X111190284,Geometris,"80 Series","96-ATT Series",1,137,0,0,0,8.656526565551758,0,0,0,0,0,0,0,0
6258,200122596,866258044268024,96X111110190,Geometris,"80 Series","96-ATT Series",1,137,0,0,0,6.212619781494141,6,0,0,0,0,0,0,0
3609,200116943,016100000280693-020824195433,6B301ASE-020824195433,VidFleet,VidFleet,4K,1,217,46.881926672799246,0,0,0,1,0,0,0,0,0,0,0
28249,200127760,016100000528208-020824195607,6B301EM6-020824195607,VidFleet,VidFleet,4K,1,56,0,0,0,0,0,0,0,0,0,22.15724054972331,0,0
23687,200092795,016100000010884-020824195652,6B301K4X-020824195652,VidFleet,VidFleet,4K,1,496,52.166259129842125,0,0,0,0,0,0,0,0,0,0,0
6258,200122598,866258043714176,96X111450040,Geometris,"80 Series","96-ATT Series",1,137,0,0,0,0,1,0,0,0,0,0,0,0
6258,200122587,866258044320338,96X111230146,Geometris,"80 Series","96-ATT Series",1,137,0,0,0,6.456410781196926,0,0,0,0,0,0,0,0
25368,200089191,866626030547017-020824134845,6B301VTZ-020824134845,VidFleet,VidFleet,4K,1,650,0,0,0,0,4.5,0,0,0,0,0,0,0
23687,200093532,016100000005819-020824134312,6B301K6W-020824134312,VidFleet,VidFleet,4K,1,484,0,0,0,0,3,0,0,0,0,0,0,0
28232,200120656,016100000317263-020824133644,6B301BKY-020824133644,VidFleet,VidFleet,4K,1,162,0,0,0,0,2,0,0,0,0,0,0,0
26697,200101170,016100000204677-020824132011,6B3017SX-020824132011,VidFleet,VidFleet,4K,1,407,0,0,0,0,4,0,0,0,0,0,0,0
22764,200029214,87X101820028,87X101820028,Geometris,"80 Series","80 Series HSPA 3G",1,1406,0,0,0,5.3677704674857,0,0,0,0,0,0,0,0
6258,200122593,866258044675004,96X110990099,Geometris,"80 Series","96-ATT Series",1,137,0,0,0,6.097560882568359,0,0,0,0,0,0,0,0
1922,200016509,359998073030928,3174025414,CalAmp,"8 - bit","TTU730 LTE-V",1,538,0,0,0,0,0,0,0,0,0,35.61643981933594,0,0
27285,200111980,016100000209478,6B3018J0,VidFleet,VidFleet,4K,1,281,61.653102425967944,0,0,0,1.1875,0,0,0,0,0,0,0
6258,200122600,866258043712667,96X111450059,Geometris,"80 Series","96-ATT Series",1,137,0,0,0,5.939135802419562,1,0,0,0,0,0,0,0
23687,200090719,016100000004028-020724145023,6B301KC3-020724145023,VidFleet,VidFleet,4K,1,518,50.11085891723633,0,0,0,0,0,0,0,0,0,0,0
25361,200088287,-020724144148,6B301SY8-020724144148,VidFleet,VidFleet,4K,1,748,7.244480133056641,0,0,0,0,0,0,0,0,0,0,0
6854,200074465,88B120890476,88B120890476,Geometris,"80 Series",88,1,521,0,0,0,50,0,0,0,0,0,0,0,0
23938,200041983,868199051760719,4675082659,CalAmp,"32 - bit","2630 LTE",1,918,0,0,1.4230769230769231,5.156381811414446,0,0,0,0,0,18.063541412353516,0,0
26985,200112121,862464061244187,88B121220311,Geometris,"80 Series",88,1,265,0,0,0,10.001300477981568,0,18.88412094116211,0,0,0,0,0,0
22571,200030086,87X102030080-020524141718,87X102030080-020524141718,Geometris,"80 Series","80 Series HSPA 3G",1,520,0,926,0,0,1,0,0,0,0,0,0,0
23234,200036124,87X102790144-020524154347,87X102790144-020524154347,Geometris,"80 Series","80 Series HSPA 3G",1,692,0,0,0,0,2,0,0,0,0,0,0,0
28050,200123835,868446030983171-020524151324,87X191000040-020524151324,Geometris,"80 Series","80 Series HSPA 3G",1,115,0,817.5,0,0,0,0,0,0,0,0,0,0
22815,200029755,87X101920073-020524154641,87X101920073-020524154641,Geometris,"80 Series","80 Series HSPA 3G",1,396,0,0,0,0,2,0,0,0,0,0,0,0
22815,200029745,87X101920059-020524154635,87X101920059-020524154635,Geometris,"80 Series","80 Series HSPA 3G",1,396,0,0,0,0,2,0,0,0,0,0,0,0
22815,200029750,87X101920076-020524154650,87X101920076-020524154650,Geometris,"80 Series","80 Series HSPA 3G",1,396,0,0,0,0,2,0,0,0,0,0,0,0
22974,200033702,87X102670019-020524162559,87X102670019-020524162559,Geometris,"80 Series","80 Series HSPA 3G",1,409,0,0,0,0,3,0,0,0,0,0,0,0
22792,200029539,87X101880106-020524145304,87X101880106-020524145304,Geometris,"80 Series","80 Series HSPA 3G",1,520,0,928,0,0,1,0,0,0,0,0,0,0
22792,200029543,87X101880091-020524145258,87X101880091-020524145258,Geometris,"80 Series","80 Series HSPA 3G",1,520,0,933,0,0,1,0,0,0,0,0,0,0
28299,200128565,016100000500504-022324133129,6B301ELW-022324133129,VidFleet,VidFleet,4K,1,56,0,0,0,0,0,0,0,0,0,31.361024379730225,0,0
22815,200029733,87X101920086-020524150121,87X101920086-020524150121,Geometris,"80 Series","80 Series HSPA 3G",1,388,0,938,0,0,1,0,0,0,0,0,0,0
22571,200030084,87X102030063-020524141709,87X102030063-020524141709,Geometris,"80 Series","80 Series HSPA 3G",1,520,0,924,0,0,1,0,0,0,0,0,0,0
23052,200032480,87X102450148-020524145845,87X102450148-020524145845,Geometris,"80 Series","80 Series HSPA 3G",1,1208,0,932,0,7.808931350708008,1,0,0,0,0,0,0,0
23052,200032478,87X102450001-020524145835,87X102450001-020524145835,Geometris,"80 Series","80 Series HSPA 3G",1,520,0,925,0,0,1,0,0,0,0,0,0,0
22571,200030080,87X102030099-020524141700,87X102030099-020524141700,Geometris,"80 Series","80 Series HSPA 3G",1,520,0,922,0,0,1,93.65509796142578,0,0,0,0,0,0
953,200018810,87X192870246-020224184448,87X192870246-020224184448,Geometris,"80 Series","80 Series HSPA 3G",1,1143,0,0,0,0,1,96.59735107421875,0,0,0,0,0,0
21646,200010417,87X190840006-020224182551,87X190840006-020224182551,Geometris,"80 Series","80 Series HSPA 3G",1,1726,0,0,0,8.450704574584961,0,0,0,0,0,0,0,0
25833,200129037,016100000494138,6B301EEZ,VidFleet,VidFleet,4K,1,54,0,3044.6,0,36.3067569732666,1,0,0,0,0,0,0,0
21646,200010418,87X190840003-020224182559,87X190840003-020224182559,Geometris,"80 Series","80 Series HSPA 3G",1,1718,0,0,0,7.13476316134135,0,0,0,0,0,0,0,0
21646,200010419,87X190840004-020224182606,87X190840004-020224182606,Geometris,"80 Series","80 Series HSPA 3G",1,1759,0,0,0,5.55555534362793,0,0,0,0,0,0,0,0
21646,200010422,87X190840024-020224182602,87X190840024-020224182602,Geometris,"80 Series","80 Series HSPA 3G",1,1725,0,0,0,5.737704753875732,0,0,0,0,0,0,0,0
22119,200023769,87X100360164-020224183609,87X100360164-020224183609,Geometris,"80 Series","80 Series HSPA 3G",1,761,0,1023,0,0,1,0,0,0,0,0,0,0
21646,200014888,87X191300130-020224182547,87X191300130-020224182547,Geometris,"80 Series","80 Series HSPA 3G",1,1407,0,1644.6666666666667,0,0,0,0,0,0,0,0,0,0
7100,200039740,88X110040118,88X110040118,Geometris,"80 Series",88,1,1216,0,0,0,0,0,24.350648880004883,0,0,0,59.79183483123779,0,0
5482,200039155,88X110120034-020124211402,88X110120034-020124211402,Geometris,"80 Series",88,1,516,0,961,0,0,1,0,0,0,0,14.672216415405273,0,0
21646,200010420,87X190840014-020224182555,87X190840014-020224182555,Geometris,"80 Series","80 Series HSPA 3G",1,1748,0,0,0,5.55555534362793,0,0,0,0,0,0,0,0
5482,200039153,88X110120003-020124211358,88X110120003-020124211358,Geometris,"80 Series",88,1,516,0,0,0,0,1,0,0,0,0,0,0,0
22687,200028586,87X101630030-020224185201,87X101630030-020224185201,Geometris,"80 Series","80 Series HSPA 3G",1,1277,0,970,0,0,1,0,0,0,0,0,0,0
28091,200127284,016100000501676,6B301E7B,VidFleet,VidFleet,4K,1,65,0,0,0,6.7091453075408936,0,0,0,0,0,0,0,0
23919,200041782,88X110760086-020124135401,88X110760086-020124135401,Geometris,"80 Series",88,1,516,0,0,0,8.823529243469238,0,0,0,0,0,0,0,0
23919,200041780,88X110760069-020124135411,88X110760069-020124135411,Geometris,"80 Series",88,1,516,0,0,0,7.36807119846344,0,0,0,0,0,0,0,0
23687,200041937,88X110760207-020124142127,88X110760207-020124142127,Geometris,"80 Series",88,1,882,0,803.75,0,9.877830468691313,0,0,0,0,0,0,0,0
23919,200041779,88X110760098-020124135352,88X110760098-020124135352,Geometris,"80 Series",88,1,516,0,0,0,10.417842864990234,0,0,0,0,0,0,0,0
23687,200039536,88X110350045-020124142129,88X110350045-020124142129,Geometris,"80 Series",88,1,937,0,0,0,9.487736834420097,0,0,0,0,0,0,0,0
23671,200039459,88X110320141-020124155815,88X110320141-020124155815,Geometris,"80 Series",88,1,516,0,805,0,0,2,0,0,0,0,0,0,0
28299,200128561,016100000491522-022324133121,6B301EGL-022324133121,VidFleet,VidFleet,4K,1,56,0,0,0,0,1.2,0,0,0,0,12.574850082397461,0,0
28299,200128563,016100000558718-022324133117,6B301EFG-022324133117,VidFleet,VidFleet,4K,1,56,0,0,0,6.666666507720947,0,0,0,0,0,0,0,0
27980,200123215,862427060238906-020124140950,88X131080030-020124140950,Geometris,"80 Series",88,1,120,0,0,0,9.944196224212646,1,0,0,0,0,0,0,0
23687,200039538,88X110350023-020124142121,88X110350023-020124142121,Geometris,"80 Series",88,1,1061,0,873,0,9.920918009497903,0,0,0,0,0,0,0,0
27887,200121363,868963040582488-020124151717,88X110040013-020124151717,Geometris,"80 Series",88,1,143,0,0,0,6.736151695251465,0,0,0,0,0,0,0,0
6488,200109130,862464061294000,68B123620327,Geometris,"68 Series","68 Series",1,321,0,0,0,0,5.894736842105263,0,0,0,0,0,0,0
27943,200122634,88X131660262-020124160612,88X131660262-020124160612,Geometris,"80 Series",88,1,128,0,0,0,8.796055521283831,0,0,0,0,0,0,0,0
27660,200117585,867969065185496-020124150409,88X131660070-020124150409,Geometris,"80 Series",88,1,201,0,891.1333333333333,1.3333333333333333,0,2.25,0,0,0,0,0,0,0
23687,200041939,88X110760215-020124142116,88X110760215-020124142116,Geometris,"80 Series",88,1,861,0,844.5,0,11.18917719523112,0,0,0,0,0,0,0,0
25369,200063767,88X113420084-020124134242,88X113420084-020124134242,Geometris,"80 Series",88,1,694,0,0,0,5.615202744801839,0,0,0,0,0,0,0,0
23417,200036641,88X103350058-020124151233,88X103350058-020124151233,Geometris,"80 Series",88,1,1145,0,0,0,9.006155967712402,0,0,0,0,0,0,0,0
26428,200108429,862464061103094,68B121250199,Geometris,"68 Series","68 Series",1,318,0,0,3,9.060062646865845,28.2,0,0,0,0,0,0,0
5468,200103409,016100000233569,6B301952,VidFleet,VidFleet,4K,1,365,60.95340050591363,2859,0,0,0,0,0,0,0,0,0,0
28299,200128566,016100000557512-022324133055,6B301EGB-022324133055,VidFleet,VidFleet,4K,1,56,0,0,0,0,1.6666666666666667,0,0,0,0,0,0,0
23938,200041979,868199051820588,4675082613,CalAmp,"32 - bit","2630 LTE",1,842,0,0,3.391304347826087,8.978842417399088,5.208333333333333,58.97435760498047,0,0,0,0,0,0
25778,200074753,88B120890281-012524201754,88B120890281-012524201754,Geometris,"80 Series",88,1,509,0,0,0,10.155872039794922,1,20.135746002197266,0,0,0,0,0,0
25778,200074756,88B120890298-012524195734,88B120890298-012524195734,Geometris,"80 Series",88,1,575,0,0,0,5.5790174802144366,0,0,0,0,0,0,0,0
25778,200074762,88B120890255-012524195802,88B120890255-012524195802,Geometris,"80 Series",88,1,652,0,0,0,6.25,0,0,0,0,0,0,0,0
25778,200074748,88B120890295-012524195806,88B120890295-012524195806,Geometris,"80 Series",88,1,652,0,0,0,5.42319901784261,1,0,0,0,0,0,0,0
25600,200088812,866626030985332,2B2DB3KV,VidFleet,VidFleet,360,1,716,54.85031604766846,0,0,0,0,0,0,0,0,0,0,0
27114,200109204,88B120410316,88B120410316,Geometris,"80 Series",88,1,8,0,1024.3333333333333,0,5.263157844543457,1,22.033897399902344,0,0,0,12.61101245880127,0,0
23638,200072130,88B120600194,88B120600194,Geometris,"80 Series",88,1,652,2.1543796062469482,0,0,0,1,34.46354579925537,0,0,0,37.330318450927734,0,0
25833,200129031,016100000530105,6B301EGG,VidFleet,VidFleet,4K,1,75,0,2919,0,0,0,0,0,0,0,0,0,0
25512,200118436,016100000295410,6B301AU1,VidFleet,VidFleet,4K,1,187,0,0,0,8.772953112920126,5.6,0,0,0,0,0,0,0
23027,200032167,356052109358391-011924192543,4674879733-011924192543,CalAmp,"32 - bit","2630 LTE",1,1051,0,0,2.6666666666666665,0,0,28.268550872802734,0,0,0,0,0,0
23027,200032170,356052109372988-011924192601,4674879738-011924192601,CalAmp,"32 - bit","2630 LTE",1,1227,0,0,33.666666666666664,0,0,0,0,0,1,0,0,0
27670,200122487,016100000311845,6B301BJC,VidFleet,VidFleet,4K,1,172,54.654293060302734,0,0,6.125392913818359,0,0,0,0,0,0,0,0
6363,200030979,353650071648898,4674150979,CalAmp,"32 - bit","2630 LTE",1,100,0,0,1,0,2,0,0,0,0,0,0,0
26266,200123604,867198050087638,87X102090057,Geometris,"80 Series","80 Series HSPA 3G",1,125,0,0,0,23.809524536132812,3.9375,100,0,0,0,0,0,0
6939,200110805,016100000202879,6B3018HW,VidFleet,VidFleet,4K,1,273,50.15589586893717,0,0,8.960459351539612,1.4090909090909092,0,0,0,0,0,0,0
28031,200123503,016100000314617-011624155320,6B301B1J-011624155320,VidFleet,VidFleet,4K,1,98,56.81305122375488,0,0,0,1,0,0,0,0,0,0,0
7273,200119008,016100000300467,6B301A71,VidFleet,VidFleet,4K,1,306,59.55884588332403,0,0,0,0,0,0,0,0,0,0,0
26519,200095682,865640060296925-011224211823,88U121950013-011224211823,Geometris,"80 Series",88,1,437,0,0,0,5.673777262369792,0,0,0,0,0,0,0,0
26519,200108025,865640067481850-011224204016,88U123560151-011224204016,Geometris,"80 Series",88,1,298,0,0,0,8.337201786041259,0,0,0,0,0,0,0,0
26519,200108017,865640067433133-011224203930,88U123560195-011224203930,Geometris,"80 Series",88,1,298,0,0,0,0,1,0,0,0,0,0,0,0
26519,200108013,865640067481942-011224204020,88U123560127-011224204020,Geometris,"80 Series",88,1,298,0,0,0,5.637982368469238,0,15.944450378417969,0,0,0,0,0,0
26519,200108018,865640060265052-011224203917,88U121990017-011224203917,Geometris,"80 Series",88,1,298,0,0,0,9.433961868286133,1,0,0,0,0,0,0,0
26519,200108006,865640067432325-011224204012,88U123560174-011224204012,Geometris,"80 Series",88,1,298,0,0,0,0,0,18.59649085998535,0,0,0,0,0,0
26519,200108022,865640067484326-011224203913,88U123560138-011224203913,Geometris,"80 Series",88,1,298,0,0,0,5,0,0,0,0,0,0,0,0
26519,200108023,865640067433927-011224203937,88U123560228-011224203937,Geometris,"80 Series",88,1,298,0,0,0,0,0,16.300290679931642,0,0,0,0,0,0
26519,200108030,865640067436508-011224204001,88U123560153-011224204001,Geometris,"80 Series",88,1,298,0,0,2,15.094339370727539,2,0,0,0,0,0,0,0
26519,200108039,865640067463734-011224204009,88U123560233-011224204009,Geometris,"80 Series",88,1,298,0,0,0,5.945286512374878,0,0,0,0,0,0,0,0
26519,200108010,865640067434040-011224202446,88U123560175-011224202446,Geometris,"80 Series",88,1,298,0,0,2,0,1.5,0,0,0,0,0,0,0
26519,200108027,865640067479615-011224202453,88U123560169-011224202453,Geometris,"80 Series",88,1,298,0,0,0,7.01569926738739,0,16.89306863149007,0,0,0,0,0,0
28124,200125399,867969063385338-011224194301,88X132990124-011224194301,Geometris,"80 Series",88,1,64,0,858,0,0,1,0,0,0,0,0,0,0
26519,200108035,865640067433141,88U123560234,Geometris,"80 Series",88,1,298,0,0,0,0,2,0,0,0,0,0,0,0
26542,200120081,862464060829632-011224163732,88B120420211-011224163732,Geometris,"80 Series",88,1,143,0,0,0,7.909114996592204,0,0,0,0,0,0,0,0
26542,200096627,865640067486974-011224163734,88U122860299-011224163734,Geometris,"80 Series",88,1,430,0,0,0,7.8125,0,0,0,0,0,0,0,0
1149,200021334,87X193160066,87X193160066,Geometris,"80 Series","80 Series HSPA 3G",1,514,0,0,0,5.42245044708252,0,0,0,0,0,0,0,0
26863,200127356,016100000000968,6B301KG9,VidFleet,VidFleet,4K,1,37,0,0,0,8.891828616460165,0,0,0,0,0,0,0,0
21121,200065482,68B120040210,68B120040210,Geometris,"68 Series","68 Series",1,723,0,790.7142857142857,0,0,0,0,0,0,0,13.357400894165039,0,0
4295,200078584,68B121360179,68B121360179,Geometris,"68 Series","68 Series",1,359,0,0,0,6.12159526348114,0,0,0,0,0,0,0,0
26826,200104047,016100000244483,6B301840,VidFleet,VidFleet,4K,1,338,50.18267131987072,0,0,0,0,0,0,0,0,0,0,0
26826,200104046,016100000244095,6B301821,VidFleet,VidFleet,4K,1,338,58.72285461425781,0,0,0,0,0,0,0,0,0,0,0
20309,200089467,866626031166221,6B301T4S,VidFleet,VidFleet,4K,1,558,57.801039695739746,0,0,0,0,0,0,0,0,0,0,0
25672,200055942,88B112870156-061324142526,88B112870156-061324142526,Geometris,"80 Series",88,1,714,0,0,0,7.602732976277669,0,0,0,0,0,0,0,0
25738,200117115,016100000294074,6B301ABJ,VidFleet,VidFleet,4K,1,329,55.745973669964336,0,0,0,0,0,0,9,0,0,0,0
26666,200093038,866626030542778-122723151646,6B301VPT-122723151646,VidFleet,VidFleet,4K,1,449,2.6895065307617188,0,0,0,8,0,0,0,0,0,0,0
27470,200114746,016100000289025-122723151450,6B301AXW-122723151450,VidFleet,VidFleet,4K,1,198,8.257415294647217,0,0,0,2,0,0,0,0,0,0,0
27762,200119479,016100000335299-122623173617,6B301B3P-122623173617,VidFleet,VidFleet,4K,1,138,72.48027801513672,0,0,0,0,0,0,0,0,0,0,0
3674,200092180,016100000013193,6B301JYP,VidFleet,VidFleet,4K,1,649,0,0,0,0,6,0,0,0,0,0,0,0
25585,200071108,88B120520123,88B120520123,Geometris,"80 Series",88,1,689,0,0,0,7.2359843254089355,1,0,0,0,0,0,0,0
4609,200114009,016100000297226,6B301ASU,VidFleet,VidFleet,4K,1,212,53.47232830908991,0,0,12.249358654022217,10.311111111111112,0,0,0,0,0,0,0
24845,200076729,88B121220130-122023201823,88B121220130-122023201823,Geometris,"80 Series",88,1,561,0,801,1.875,0,3,18.24480438232422,0,0,0,0,0,0
2241,200053716,864919059912499,4675190970,CalAmp,"32 - bit","LMU2630 CAT_M",1,766,0,0,2,0,2,0,0,0,0,0,0,0
4156,200010495,87X190850013,87X190850013,Geometris,"80 Series","80 Series HSPA 3G",1,1781,0,0,0,5.384615421295166,0,0,0,0,0,0,0,0
27943,200122614,355286081590495,4572133868,CalAmp,"32 - bit","LMU3035 LTE",1,120,0,0,0,5.518333435058594,0,0,0,0,0,0,0,0
24391,200047810,96X111590094,96X111590094,Geometris,"80 Series","96-ATT Series",1,927,0,0,0,9.779012680053711,0,0,0,0,0,0,0,0
26624,200098507,016100000138883,6B3014SL,VidFleet,VidFleet,4K,1,570,59.02706238717744,0,0,6.097560882568359,0,0,0,0,0,0,0,0
26077,200081840,88B121440001,88B121440001,Geometris,"80 Series",88,1,569,0,0,0,6,1,0,0,0,0,0,0,0
22507,200026990,359636091129286,4674323396,CalAmp,"32 - bit","2630 LTE",1,1469,0,0,2,0,1,0,0,0,0,0,0,0
25453,200088574,-121523142228,6B301SVB-121523142228,VidFleet,VidFleet,4K,1,683,0,0,0,0,3,0,0,0,0,0,0,0
25398,200088233,-031124134621,2B2DB4QN-031124134621,VidFleet,VidFleet,360,1,803,61.16666920979818,0,0,0,1.6666666666666667,0,0,0,0,0,0,0
25738,200119126,016100000306043,6B301BY4,VidFleet,VidFleet,4K,1,301,57.429282539769225,0,0,5,0,0,0,0,0,0,0,0
26504,200096723,016100000001735-121323210441,6B301JVZ-121323210441,VidFleet,VidFleet,4K,1,399,51.45453098842076,0,0,0,1,0,0,0,0,0,0,0
26994,200107438,865640065049071-121223204827,88U123480389-121223204827,Geometris,"80 Series",88,1,269,0,0,2,0,0,0,0,0,0,0,0,0
26994,200107439,865640065077866-121223204830,88U123480388-121223204830,Geometris,"80 Series",88,1,269,0,0,1,12.97468376159668,2,0,0,0,0,0,0,0
26994,200107435,865640065077882-121223204823,88U123480390-121223204823,Geometris,"80 Series",88,1,269,0,0,0,13.826366424560547,2,0,0,0,0,0,0,0
26631,200098755,860092057493252-121223164929,88U122860164-121223164929,Geometris,"80 Series",88,1,372,0,0,0,16.719242095947266,1,22.397476196289062,0,0,0,0,0,0
27441,200112877,016100000219634,6B30195X,VidFleet,VidFleet,4K,1,210,0,0,0,5.128205299377441,1,0,0,0,0,0,0,0
26985,200112122,860111054770908,88B112870174,Geometris,"80 Series",88,1,265,0,0,3,18.500411987304688,1.5,0,0,0,0,0,0,0
28082,200124450,359636091055432,4674323175,CalAmp,"32 - bit","2630 LTE",1,20,0,0,2.25,0,0,0,0,0,0,0,0,0
26643,200099109,016100000148296,6B3014VR,VidFleet,VidFleet,4K,1,399,57.193793705531526,0,0,0,1,0,0,0,0,0,0,0
531,200123558,865640064152264,4675339241,CalAmp,"32 - bit","2630 LTE",1,70,0,0,1,0,5,0,0,0,0,0,0,0
25738,200117116,016100000300855,6B301ASS,VidFleet,VidFleet,4K,1,309,57.446982893832896,2691.777777777778,0,0,1,0,0,0,0,0,0,0
25738,200119150,016100000281790,6B301A3M,VidFleet,VidFleet,4K,1,290,55.746088300432476,2609.6666666666665,0,0,1,0,0,0,0,0,0,0
27943,200122651,016100000314807-121423182248,6B301BWT-121423182248,VidFleet,VidFleet,4K,1,77,63.06702518463135,0,0,0,1,0,0,0,0,0,0,0
26893,200118031,867969065182485,88X131660117,Geometris,"80 Series",88,1,3,0,745.5,0,0,1,0,0,0,0,0,0,0
26465,200094138,016100000005082,6B301JUE,VidFleet,VidFleet,4K,1,412,59.916062355041504,0,0,0,0,0,0,0,0,0,0,0
24711,200087992,,6B2CMLSN,VidFleet,VidFleet,4K,1,811,51.921199798583984,0,0,0,1.3333333333333333,0,0,0,0,0,0,0
21515,200039337,868923057285094,4675052068,CalAmp,"32 - bit","LMU2630 CAT_M",1,453,0,0,1,0,0,0,0,0,0,0,0,0
26446,200120937,016100000306423,6B301BYT,VidFleet,VidFleet,4K,1,86,50.851409912109375,0,0,0,0,0,0,0,0,0,0,0
24711,200059746,88B113140041,88B113140041,Geometris,"80 Series",88,1,429,0,0,0,7.352941036224365,1,0,0,0,0,0,0,0
22573,200051228,353805119280530,4572285705,CalAmp,"32 - bit","LMU3030 CDMA",1,432,0,0,0,0,1,0,0,0,0,0,0,0
26150,200086282,88U122220213,88U122220213,Geometris,"80 Series",88,1,634,0,0,0,7.857142925262451,0,0,0,0,0,0,0,0
6581,200123444,862407061804740-022224143730,88U132720193-022224143730,Geometris,"80 Series",88,1,136,0,0,0,0,1,0,0,0,0,0,0,0
25738,200117124,016100000306886,6B301B86,VidFleet,VidFleet,4K,1,318,52.511219601298485,0,0,6.871830701828003,0,0,0,9,0,0,0,0
25738,200121062,016100000311191,6B301B0R,VidFleet,VidFleet,4K,1,251,58.699668672349716,0,0,7.936507701873779,0,0,0,0,0,0,0,0
28087,200113173,866626030979798,2B2DB3YD,VidFleet,VidFleet,360,1,198,50.45076942443848,0,0,0,0,0,0,0,0,0,0,0
27215,200119000,862464061385626-012524142243,68B120030014-012524142243,Geometris,"68 Series","68 Series",1,176,0,792,0,0,0,0,0,0,0,0,0,0
25738,200119136,016100000290106,6B301A5H,VidFleet,VidFleet,4K,1,281,103.30789626272102,0,0,0,0,0,0,0,0,0,0,0
4231,200047700,868199059598574,4675130666,CalAmp,"32 - bit","LMU2630 CAT_M",1,778,0,0,26.25,0,40,16.285715103149414,0,0,0,0,0,0
4421,200112756,865284048128882,4675017375,CalAmp,"32 - bit","LMU2630 CAT_M",1,170,0,0,5.833333333333333,0,1,0,0,0,0,0,0,0
5128,200069172,88B120420362,88B120420362,Geometris,"80 Series",88,1,571,0,0,0,7.144294897715251,0,0,0,0,0,0,0,0
25738,200121080,016100000313163,6B301B3J,VidFleet,VidFleet,4K,1,260,60.97549819946289,0,0,0,0,0,0,0,0,0,0,0
22101,200021683,357766096838060,4674608604,CalAmp,"32 - bit","2630 LTE",1,437,0,0,1.5,0,0,0,0,0,0,0,0,0
28087,200124612,016100000246363,2B30193B,VidFleet,VidFleet,360,1,19,56.28619384765625,0,0,0,1,0,0,0,0,0,0,0
22101,200021679,357766095803131,4674573982,CalAmp,"32 - bit","2630 LTE",1,437,0,0,2,0,0,0,0,0,0,0,0,0
22101,200021682,357766095412479,4674608611,CalAmp,"32 - bit","2630 LTE",1,437,0,0,1.1666666666666667,0,0,0,0,0,0,0,0,0
22101,200021680,357766095158346,4674608605,CalAmp,"32 - bit","2630 LTE",1,437,0,0,1.5,0,0,0,0,0,0,0,0,0
27827,200121557,016100000206235,6B3017H7,VidFleet,VidFleet,4K,1,98,55.46395844679613,0,0,0,0,0,0,0,0,0,0,0
5533,200076210,353535099051540-121323141205,4674231445-121323141205,CalAmp,"32 - bit","2630 LTE",1,574,0,923.5714285714286,1,0,0,0,0,0,0,0,0,0
26985,200107254,865640065075415,88U123480305,Geometris,"80 Series",88,1,321,0,0,0,11.218788146972656,0,0,0,0,0,0,0,0
3875,200119619,015700000949501,015700000949501,Queclink,"GV Series",50MG,1,193,0,937,4,0,4.8,0,0,0,0,0,0,0
22286,200081231,015700000925618,015700000925618,Queclink,"GV Series",50MG,1,375,0,0,4,0,1,0,0,0,0,0,0,0
24558,200087733,,6B2CMLCZ,VidFleet,VidFleet,4K,1,752,59.1389171055385,0,0,0,1,0,0,0,0,0,0,0
344,200068615,88B120330179-102323123452,88B120330179-102323123452,Geometris,"80 Series",88,1,412,0,0,0,49.11906051635742,0,0,0,0,0,0,0,0
344,200068622,88B120330088-102323123210,88B120330088-102323123210,Geometris,"80 Series",88,1,412,0,0,0,38.66170883178711,0,0,0,0,0,0,0,0
344,200068595,88B120330105-102323123207,88B120330105-102323123207,Geometris,"80 Series",88,1,412,0,0,0,6.986899375915527,0,0,0,0,0,0,0,0
344,200068617,88B120330171-102323123220,88B120330171-102323123220,Geometris,"80 Series",88,1,412,0,0,0,44.4966926574707,1,0,0,0,0,0,0,0
344,200068593,88B120330199-102323123227,88B120330199-102323123227,Geometris,"80 Series",88,1,412,0,0,0,39.761329650878906,0,0,0,0,0,0,0,0
344,200104813,865640065103076-102323123308,88U123480032-102323123308,Geometris,"80 Series",88,1,246,0,0,0,49.40898513793945,0,30.260047912597656,0,0,0,0,0,0
344,200104819,860092057474195-102323123258,88U123480029-102323123258,Geometris,"80 Series",88,1,246,0,0,0,49.14425277709961,1,0,0,0,0,0,0,0
3705,200038906,68X110140051,68X110140051,Geometris,"68 Series","68 Series",1,443,0,0,0,5.581111703600202,1.6666666666666667,0,0,0,0,0,0,0
344,200068608,88B120330067-102323123312,88B120330067-102323123312,Geometris,"80 Series",88,1,412,0,0,0,0,0,23.920917510986328,0,0,0,0,0,0
24847,200053975,868199051885573,4675082316,CalAmp,"32 - bit","LMU2630 CAT_M",1,418,0,0,1.7777777777777777,6.966291904449463,0,0,0,0,0,0,0,0
27991,200133828,016100000528612,6B301GE2,VidFleet,VidFleet,4K,1,95,30.276441786024307,0,0,0,0,0,0,0,0,0,0,0
23619,200038865,88X110040100-101923134943,88X110040100-101923134943,Geometris,"80 Series",88,1,410,0,760,0,0,2,0,0,0,0,0,0,0
27239,200114978,016100000295915,6B301AHB,VidFleet,VidFleet,4K,1,145,76.25038146972656,0,0,0,0,0,0,0,0,0,0,0
23404,200124326,016100000238147,6B3019DK,VidFleet,VidFleet,4K,1,244,21.285150051116943,0,0,5.882352828979492,5.045454545454546,0,0,0,0,0,0,0
25738,200117103,016100000297093,6B301AUZ,VidFleet,VidFleet,4K,1,329,57.01381270090739,0,0,0,0,0,0,0,0,0,0,0
26144,200083170,355286081743771,4572136933,CalAmp,"32 - bit","LMU3035 LTE",1,674,0,958.75,0,21.81404972076416,3.25,0,0,0,0,0,0,0
5175,200043198,868923057323747,4675053470,CalAmp,"32 - bit","LMU2630 CAT_M",1,285,0,904,1,0,0,0,0,0,0,0,0,0
28276,200120926,016100000313304,6B301B3W,VidFleet,VidFleet,4K,1,232,54.1146272277832,2802.5,0,0,0,0,0,0,0,0,0,0
28276,200120943,016100000330852,6B301C1Q,VidFleet,VidFleet,4K,1,232,48.919794355119976,2554.75,0,0,6.333333333333333,0,0,0,0,0,0,0
23404,200087785,,6B2CMLME,VidFleet,VidFleet,4K,1,874,54.70226001739502,0,0,0,0,0,0,0,0,0,0,0
28276,200120945,016100000309989,6B301C04,VidFleet,VidFleet,4K,1,240,45.50635402543204,2688.222222222222,0,12.921348571777344,1.2209302325581395,0,1369.0103454589844,0,0,20.940056800842285,0,0
